,name,sg_ott,sg_ott_rank,sg_aptg,sg_aptg_rank,sg_artg,sg_artg_rank,sg_putt,sg_putt_rank,sg_tot,sg_tot_rank,drd,drd_rank,dra,dra_rank,gir,gir_rank,gof,gof_rank,pth,pth_rank,ssv,ssv_rank,scr,scr_rank,pthatg,pthatg_rank,opp,opp_rank,ppr,ppr_rank,pmd,pmd_rank,sc_scr,sc_scr_rank,sc_brd,sc_brd_rank,rk_money,rk_money_rank,rk_tt,rk_tt_rank,rk_fedex,rk_fedex_rank
0,Rory McIlroy,1.275,"
        1",0.238,"
        T72",0.238,"
        38",0.023,"
        95",1.775,"
        5",304.9,"
        T10",61.8,"
        71",68.36,"
        29",72.74,"
        28",435,"
        T112",49.35,"
        104",58.78,"
        89",85,"
        T68",39.86,"
        T71",29.15,"
        T112",55,"
        T2",69.695,"
        9",4.41,"
        1",2655615,"
        24",6,"
        T8",973,"
        34"
1,Dustin Johnson,1.093,"
        2",0.557,"
        18",0.039,"
        T90",0.283,"
        42",1.971,"
        2",313.9,"
        1",56.85,"
        145",67.68,"
        41",70.41,"
        74",390,"
        2",46,"
        145",59.64,"
        73",79,"
        T15",41.16,"
        35",28.62,"
        T34",51,"
        T32",69.228,"
        2",4.38,"
        2",7210435,"
        2",12,"
        1",2701,"
        2"
2,Bubba Watson,1.011,"
        3",0.369,"
        46",-0.023,"
        112",-0.131,"
        138",1.225,"
        16",309.9,"
        4",55.24,"
        171",68.99,"
        14",75.08,"
        4",423,"
        T64",44.09,"
        161",51.47,"
        192",94,"
        T164",36.06,"
        186",29.76,"
        T186",48,"
        T100",70.259,"
        27",3.8,"
        T26",3020497,"
        19",3,"
        T45",1235,"
        21"
3,Justin Rose,0.685,"
        4",0.368,"
        47",0.363,"
        18",0.011,"
        T98",1.427,"
        12",302.3,"
        19",57.08,"
        142",68.22,"
        33",71.92,"
        46",469,"
        T194",57.29,"
        22",58.04,"
        T114",87,"
        T91",37,"
        T165",29.58,"
        172",48,"
        T100",69.912,"
        14",3.78,"
        T32",1955591,"
        38",5,"
        T17",829,"
        48"
4,Brooks Koepka,0.682,"
        5",0.251,"
        70",-0.038,"
        118",0.586,"
        T10",1.481,"
        9",303.6,"
        15",58.16,"
        129",67.53,"
        45",72.8,"
        26",427,"
        T74",55.06,"
        38",58.11,"
        109",91,"
        T138",41,"
        38",28.83,"
        T61",55,"
        T2",69.575,"
        6",4.12,"
        7",3240841,"
        16",7,"
        T5",1348,"
        17"
5,J.B. Holmes,0.669,"
        6",-0.26,"
        T165",0.22,"
        42",-0.026,"
        105",0.602,"
        56",313.2,"
        2",52.1,"
        186",63.89,"
        131",68.52,"
        T120",463,"
        T187",54.74,"
        41",57.14,"
        129",92,"
        T149",41.77,"
        20",28.64,"
        T37",52,"
        T18",70.469,"
        41",4.09,"
        9",2431877,"
        26",5,"
        T17",956,"
        36"
6,Rickie Fowler,0.605,"
        7",0.405,"
        T38",0.451,"
        6",0.198,"
        57",1.659,"
        7",298.4,"
        T31",59.44,"
        105",68.31,"
        T30",73.38,"
        14",435,"
        T112",52.13,"
        71",62.07,"
        27",79,"
        T15",39.16,"
        100",29.02,"
        T89",48,"
        T100",70.027,"
        15",3.8,"
        T26",2361380,"
        29",7,"
        T5",1087,"
        29"
7,Boo Weekley,0.604,"
        8",-0.048,"
        132",-0.242,"
        175",-0.116,"
        136",0.198,"
        96",290.5,"
        T89",66.57,"
        22",67.58,"
        43",72.13,"
        37",413,"
        T32",40.54,"
        186",58.22,"
        T104",89,"
        T115",38.05,"
        132",29.34,"
        142",50,"
        T51",70.969,"
        92",3.67,"
        T55",967881,"
        95",2,"
        T69",509,"
        104"
8,Ryan Palmer,0.598,"
        9",0.19,"
        78",-0.103,"
        T144",-0.019,"
        103",0.665,"
        43",304.3,"
        T12",56.45,"
        152",67.19,"
        53",70.54,"
        T70",414,"
        T35",46.31,"
        141",55.61,"
        158",92,"
        T149",39.41,"
        T90",28.93,"
        78",49,"
        T78",70.272,"
        30",3.91,"
        17",1251274,"
        77",2,"
        T69",731,"
        58"
9,Jason Kokrak,0.583,"
        T10",0.329,"
        54",-0.193,"
        168",-0.314,"
        168",0.405,"
        73",307.4,"
        7",58.45,"
        124",67.63,"
        42",72.5,"
        32",425,"
        T70",50,"
        T99",58.35,"
        99",88,"
        T106",35.78,"
        189",29.6,"
        174",46,"
        T165",70.691,"
        59",3.55,"
        T80",1329334,"
        72",2,"
        T69",721,"
        61"
10,Andrew Landry,0.583,"
        T10",-1.165,"
        197",-0.321,"
        T186",0.487,"
        T20",-0.416,"
        162",292.5,"
        T73",63.7,"
        52",63.41,"
        149",63.11,"
        194",417,"
        T40",44.44,"
        T157",61.85,"
        T31",87,"
        T91",39.02,"
        105",28.98,"
        T82",48,"
        T100",71.49,"
        149",3,"
        T192",236804,"
        183",,,133,"
        188"
11,Sergio Garcia,0.565,"
        12",0.591,"
        16",-0.062,"
        129",-0.039,"
        110",1.055,"
        19",298.9,"
        T27",59.8,"
        100",69.9,"
        5",72.95,"
        24",460,"
        T182",57.33,"
        21",56.65,"
        139",96,"
        T177",37.47,"
        153",29.65,"
        177",49,"
        T78",69.733,"
        11",3.95,"
        15",3155365,"
        17",4,"
        T33",1306,"
        18"
12,Hideki Matsuyama,0.563,"
        13",1.075,"
        3",-0.043,"
        120",-0.194,"
        T147",1.401,"
        13",293.8,"
        T64",61.04,"
        78",67.98,"
        36",73.89,"
        10",411,"
        T25",45,"
        156",58.36,"
        T96",88,"
        T106",40.2,"
        64",28.96,"
        81",49,"
        T78",70.132,"
        16",4.16,"
        5",3331635,"
        11",6,"
        T8",1305,"
        19"
13,Brendan Steele,0.562,"
        14",0.38,"
        T43",-0.146,"
        160",-0.185,"
        T143",0.612,"
        54",302.7,"
        18",60.71,"
        89",68.9,"
        20",73.02,"
        22",427,"
        T74",57.73,"
        18",55.83,"
        153",91,"
        T138",35.73,"
        190",29.71,"
        181",47,"
        T133",70.56,"
        46",3.6,"
        T70",1481948,"
        63",2,"
        T69",791,"
        52"
14,Lucas Glover,0.556,"
        15",0.405,"
        T38",-0.058,"
        125",-0.271,"
        158",0.633,"
        46",297.1,"
        T39",63.85,"
        49",71.72,"
        2",75.05,"
        5",412,"
        T29",43.43,"
        171",58.36,"
        T96",84,"
        T51",36.73,"
        174",29.75,"
        185",44,"
        T190",70.553,"
        45",3.75,"
        T40",886517,"
        106",2,"
        T69",543,"
        96"
15,Shane Lowry,0.555,"
        16",-0.12,"
        141",0.13,"
        T57",-0.041,"
        111",0.524,"
        63",297.1,"
        T39",61.52,"
        74",63.44,"
        T146",67.36,"
        150",437,"
        T123",47.06,"
        T129",53.8,"
        175",91,"
        T138",37,"
        T165",29.54,"
        T165",49,"
        T78",70.754,"
        63",3.18,"
        T169",1565276,"
        56",2,"
        T69",588,"
        86"
16,Jhonattan Vegas,0.552,"
        17",0.185,"
        79",-0.148,"
        162",0.121,"
        T76",0.71,"
        39",304.3,"
        T12",57.66,"
        133",70.13,"
        4",73.35,"
        T15",447,"
        T155",45.53,"
        152",57.73,"
        120",98,"
        T188",36.87,"
        170",29.78,"
        188",53,"
        T8",70.92,"
        90",3.66,"
        T58",2149558,"
        34",5,"
        T17",1119,"
        26"
17,Scott Pinckney,0.534,"
        18",-0.398,"
        176",-0.454,"
        195",-0.066,"
        119",-0.384,"
        160",296,"
        T42",62.27,"
        68",68.54,"
        25",71.78,"
        50",446,"
        T152",40,"
        T189",52.06,"
        T189",102,"
        197",35.71,"
        191",29.92,"
        191",52,"
        T18",71.644,"
        160",3.55,"
        T80",308901,"
        168",,,229,"
        168"
18,Jamie Lovemark,0.522,"
        19",-0.272,"
        168",0.241,"
        35",0.078,"
        87",0.569,"
        61",304.9,"
        T10",55.93,"
        T160",65.41,"
        T93",69.87,"
        T90",462,"
        186",53.08,"
        57",62.1,"
        26",83,"
        T43",40.22,"
        63",29,"
        T86",49,"
        T78",70.827,"
        71",3.81,"
        T24",1781077,"
        46",5,"
        T17",870,"
        44"
19,Charley Hoffman,0.518,"
        T20",0.378,"
        45",-0.054,"
        122",-0.033,"
        108",0.809,"
        29",298.1,"
        33",53.95,"
        179",64.46,"
        117",71.02,"
        60",419,"
        T47",48.18,"
        121",58.12,"
        108",87,"
        T91",38.75,"
        112",29.17,"
        116",51,"
        T32",70.445,"
        T39",3.42,"
        T118",2175607,"
        33",1,"
        T113",1087,"
        28"
20,Luke List,0.518,"
        T20",0.238,"
        T72",0.046,"
        87",-0.205,"
        T150",0.597,"
        58",306.9,"
        8",51.3,"
        194",66.75,"
        60",70.66,"
        66",453,"
        T172",52.99,"
        60",61.26,"
        47",74,"
        T3",40.58,"
        49",29,"
        T86",47,"
        T133",70.673,"
        54",3.75,"
        T40",740297,"
        117",2,"
        T69",468,"
        115"
21,Henrik Stenson,0.511,"
        22",1.392,"
        2",-0.175,"
        167",-0.294,"
        164",1.433,"
        11",290.4,"
        T91",69.82,"
        7",72.63,"
        1",75.93,"
        1",441,"
        139",56.25,"
        29",56.93,"
        132",92,"
        T149",37.26,"
        159",29.68,"
        179",46,"
        T165",69.67,"
        7",4.22,"
        4",3365923,"
        10",4,"
        T33",1387,"
        13"
22,Louis Oosthuizen,0.504,"
        23",0.501,"
        26",0.029,"
        T94",-0.345,"
        176",0.689,"
        41",293.4,"
        69",61.44,"
        75",68.94,"
        18",75.56,"
        2",401,"
        14",48.05,"
        122",51.22,"
        194",94,"
        T164",33.96,"
        197",30.2,"
        196",47,"
        T133",70.381,"
        38",3.18,"
        T169",1967329,"
        37",2,"
        T69",769,"
        53"
23,Harold Varner III,0.503,"
        24",0.004,"
        123",-0.022,"
        111",-0.325,"
        172",0.162,"
        103",301.4,"
        22",58.99,"
        117",65.51,"
        91",68.36,"
        129",442,"
        T140",43.48,"
        170",56.78,"
        137",87,"
        T91",38.08,"
        T129",29.52,"
        162",47,"
        T133",71.036,"
        T104",3.63,"
        65",1265844,"
        76",4,"
        T33",643,"
        77"
24,Gary Woodland,0.494,"
        25",0.517,"
        23",0.031,"
        93",-0.07,"
        121",0.971,"
        21",307.9,"
        5",55.89,"
        162",68.49,"
        27",73.35,"
        T15",436,"
        T118",49.11,"
        107",59.18,"
        85",90,"
        T124",37.67,"
        147",29.33,"
        T139",47,"
        T133",70.281,"
        32",3.66,"
        T58",1624572,"
        49",2,"
        T69",907,"
        40"
25,Adam Scott,0.481,"
        T26",1.443,"
        1",0.109,"
        T67",-0.078,"
        125",1.954,"
        3",303.9,"
        14",55.71,"
        163",68.98,"
        15",74.86,"
        6",392,"
        3",50.56,"
        94",58.81,"
        88",84,"
        T51",38.52,"
        117",29.38,"
        147",49,"
        T78",69.526,"
        5",3.92,"
        16",5126406,"
        3",5,"
        T17",2063,"
        3"
26,Jordan Spieth,0.481,"
        T26",0.108,"
        T97",0.438,"
        9",0.739,"
        5",1.765,"
        6",295.5,"
        T46",58.4,"
        126",63.24,"
        154",69.84,"
        92",429,"
        T82",57.58,"
        19",63.73,"
        10",74,"
        T3",44.72,"
        T2",27.8,"
        2",55,"
        T2",69.407,"
        4",4.35,"
        3",4809170,"
        4",6,"
        T8",1965,"
        5"
27,Hudson Swafford,0.477,"
        28",0.283,"
        T61",-0.637,"
        199",0.184,"
        T62",0.308,"
        86",306.8,"
        9",61.73,"
        73",68.69,"
        24",72,"
        T43",408,"
        T23",48.23,"
        120",56.25,"
        T144",99,"
        T190",38.45,"
        T122",29.48,"
        157",51,"
        T32",70.858,"
        T80",3.74,"
        T42",833913,"
        111",1,"
        T113",581,"
        88"
28,Jim Herman,0.464,"
        29",-0.218,"
        158",-0.145,"
        159",-0.447,"
        188",-0.345,"
        155",291.7,"
        T78",65.16,"
        32",65.78,"
        81",70.4,"
        75",424,"
        T68",47.06,"
        T129",57.92,"
        118",93,"
        T160",36.97,"
        167",29.62,"
        175",46,"
        T165",71.279,"
        132",3.23,"
        T163",1909752,"
        41",2,"
        T69",923,"
        39"
29,Billy Horschel,0.452,"
        30",0.497,"
        30",-0.115,"
        151",-0.015,"
        102",0.819,"
        27",290.6,"
        88",59.82,"
        99",66.37,"
        63",71.56,"
        54",454,"
        T174",48.94,"
        109",53.69,"
        178",87,"
        T91",37.8,"
        T143",29.46,"
        155",48,"
        T100",70.631,"
        51",3.57,"
        T76",1187531,"
        83",3,"
        T45",601,"
        83"
30,Emiliano Grillo,0.444,"
        31",0.23,"
        74",-0.206,"
        172",-0.098,"
        131",0.37,"
        76",293.8,"
        T64",67.4,"
        16",68.17,"
        34",72.03,"
        42",418,"
        T43",43.75,"
        T164",54.48,"
        171",101,"
        T195",36.64,"
        177",29.76,"
        T186",48,"
        T100",70.746,"
        62",3.73,"
        T44",2316033,"
        31",1,"
        T113",1109,"
        27"
31,Patrick Rodgers,0.441,"
        32",0.051,"
        115",0.134,"
        T53",-0.295,"
        165",0.331,"
        83",301.7,"
        20",56.68,"
        149",69.56,"
        7",75.14,"
        3",439,"
        T136",42.31,"
        180",57.66,"
        121",90,"
        T124",36,"
        187",29.88,"
        190",47,"
        T133",70.837,"
        73",3.61,"
        69",1234965,"
        79",3,"
        T45",698,"
        66"
32,Paul Casey,0.429,"
        T33",0.502,"
        T24",0.029,"
        T94",0.081,"
        85",1.032,"
        20",294,"
        63",64.41,"
        40",69.73,"
        6",72.9,"
        25",428,"
        T78",49.48,"
        103",59.49,"
        T75",88,"
        T106",37.16,"
        T161",29.86,"
        189",48,"
        T100",70.278,"
        31",3.64,"
        T63",1596340,"
        52",4,"
        T33",710,"
        63"
33,Tony Finau,0.429,"
        T33",-0.127,"
        144",-0.039,"
        119",-0.084,"
        128",0.179,"
        99",312.6,"
        3",51.64,"
        193",64.59,"
        111",68.35,"
        130",454,"
        T174",46.71,"
        136",57.28,"
        128",90,"
        T124",38.89,"
        T108",29.12,"
        T108",49,"
        T78",70.689,"
        58",3.65,"
        T60",1537378,"
        58",2,"
        T69",864,"
        45"
34,William McGirt,0.425,"
        35",0.327,"
        55",0.019,"
        100",0.469,"
        22",1.241,"
        15",287.3,"
        124",66,"
        26",67.55,"
        44",71.84,"
        49",432,"
        T99",51.9,"
        75",61.8,"
        33",94,"
        T164",39.09,"
        T101",29.02,"
        T89",50,"
        T51",70.238,"
        25",3.65,"
        T60",3319597,"
        12",7,"
        T5",1360,"
        14"
35,Scott Piercy,0.421,"
        36",0.059,"
        114",-0.112,"
        148",-0.186,"
        146",0.182,"
        98",297.4,"
        T37",58.89,"
        119",67.32,"
        T47",71.76,"
        51",443,"
        T143",52.76,"
        63",56,"
        T147",95,"
        T171",36.27,"
        181",29.5,"
        158",47,"
        T133",70.873,"
        85",3.59,"
        73",2735421,"
        23",3,"
        T45",1071,"
        31"
36,Thomas Aiken,0.418,"
        37",-0.005,"
        126",-0.351,"
        188",0.058,"
        T91",0.12,"
        T108",289,"
        T101",71.38,"
        T2",69.54,"
        8",72.22,"
        36",422,"
        T60",43.21,"
        174",55.93,"
        149",95,"
        T171",34.35,"
        194",29.97,"
        193",48,"
        T100",71.465,"
        146",3.27,"
        T152",302021,"
        169",,,224,"
        170"
37,Kevin Kisner,0.413,"
        38",-0.028,"
        129",-0.263,"
        179",0.578,"
        T13",0.699,"
        40",288.1,"
        T110",64.71,"
        T35",64.11,"
        123",69.08,"
        111",419,"
        T47",47.11,"
        127",57.32,"
        126",92,"
        T149",41.44,"
        30",28.5,"
        T21",52,"
        T18",70.445,"
        T39",3.81,"
        T24",3066248,"
        18",5,"
        T17",1423,"
        10"
38,Si Woo Kim,0.38,"
        39",-0.166,"
        151",0.402,"
        13",-0.277,"
        159",0.34,"
        80",293.3,"
        70",63.57,"
        54",64.04,"
        126",68.4,"
        126",455,"
        177",48.81,"
        113",61.63,"
        38",79,"
        T15",39.62,"
        85",28.68,"
        T42",45,"
        T179",70.756,"
        64",3.53,"
        T87",1628974,"
        48",3,"
        T45",882,"
        41"
39,Jason Day,0.377,"
        40",0.413,"
        37",0.375,"
        16",1.072,"
        1",2.236,"
        1",303.4,"
        16",51.94,"
        188",66.86,"
        58",72.75,"
        27",450,"
        T165",61.11,"
        4",62.06,"
        28",75,"
        7",43.37,"
        10",28.11,"
        T8",59,"
        1",69.282,"
        3",4.14,"
        6",7562028,"
        1",9,"
        T2",2735,"
        1"
40,Matt Kuchar,0.375,"
        41",0.438,"
        34",0.266,"
        31",0.499,"
        19",1.578,"
        8",286,"
        T139",64.78,"
        34",67.92,"
        38",72.68,"
        30",411,"
        T25",55.93,"
        31",62.55,"
        21",80,"
        T21",39.86,"
        T71",29,"
        T86",51,"
        T32",69.673,"
        8",3.9,"
        18",3271732,"
        14",9,"
        T2",1349,"
        16"
41,Greg Owen,0.371,"
        42",0.518,"
        22",-0.31,"
        184",-1.041,"
        200",-0.461,"
        167",298.4,"
        T31",59.77,"
        101",69.19,"
        13",73.39,"
        13",425,"
        T70",38.33,"
        193",50.48,"
        197",94,"
        T164",34.15,"
        196",30.39,"
        199",44,"
        T190",71.79,"
        169",3.37,"
        T128",464795,"
        151",1,"
        T113",291,"
        152"
42,Charl Schwartzel,0.359,"
        43",0.74,"
        8",0.275,"
        30",0.064,"
        88",1.438,"
        10",295.4,"
        48",57.31,"
        139",68.52,"
        26",72.64,"
        31",422,"
        T60",51,"
        88",59.8,"
        68",80,"
        T21",39.4,"
        93",29.26,"
        T128",50,"
        T51",69.725,"
        10",3.98,"
        11",2357153,"
        30",3,"
        T45",1127,"
        25"
43,David Lingmerth,0.356,"
        44",0.258,"
        69",-0.08,"
        T136",0.094,"
        81",0.628,"
        T48",284.9,"
        148",66.98,"
        18",64.81,"
        T106",70.22,"
        77",421,"
        T56",47.22,"
        T125",59.27,"
        T81",84,"
        T51",38.89,"
        T108",28.77,"
        T55",49,"
        T78",70.779,"
        66",3.72,"
        T47",1827318,"
        45",2,"
        T69",859,"
        46"
44,Branden Grace,0.351,"
        45",0.775,"
        5",0.158,"
        50",-0.012,"
        101",1.271,"
        14",295.3,"
        T49",54.45,"
        175",67.11,"
        55",69.79,"
        T95",419,"
        T47",52.05,"
        T72",60.14,"
        59",77,"
        9",38.67,"
        114",29.3,"
        T133",46,"
        T165",69.87,"
        13",3.48,"
        T103",2801396,"
        22",6,"
        T8",1187,"
        23"
45,Russell Henley,0.337,"
        46",0.092,"
        104",-0.099,"
        T141",0.313,"
        40",0.644,"
        44",294.5,"
        58",64.39,"
        43",68.27,"
        32",72.32,"
        35",407,"
        T21",57.14,"
        T25",60.21,"
        58",91,"
        T138",37.46,"
        154",29.21,"
        123",53,"
        T8",70.561,"
        T47",3.56,"
        T78",1191747,"
        81",4,"
        T33",620,"
        80"
46,Robert Garrigus,0.331,"
        47",0.855,"
        4",-0.381,"
        190",-0.185,"
        T143",0.62,"
        50",301.5,"
        21",52.62,"
        184",68.75,"
        22",73.33,"
        T17",397,"
        T7",36,"
        200",52.06,"
        T189",90,"
        T124",37.1,"
        164",29.54,"
        T165",50,"
        T51",71.005,"
        100",4,"
        10",933154,"
        101",3,"
        T45",467,"
        116"
47,Kevin Streelman,0.327,"
        48",0.166,"
        84",-0.127,"
        156",-0.316,"
        169",0.051,"
        115",289,"
        T101",64.18,"
        45",68.97,"
        T16",72,"
        T43",429,"
        T82",39.17,"
        191",52.69,"
        185",90,"
        T124",36.19,"
        183",29.73,"
        183",45,"
        T179",71.027,"
        102",3.51,"
        T91",1473120,"
        64",2,"
        T69",692,"
        67"
48,Byeong Hun An,0.326,"
        49",0.035,"
        118",-0.09,"
        140",-0.059,"
        117",0.212,"
        T93",299.6,"
        T25",54.82,"
        173",64.47,"
        T115",68.58,"
        119",445,"
        T150",45.68,"
        151",52.36,"
        187",97,"
        T180",39.66,"
        T80",29.16,"
        T114",52,"
        T18",70.989,"
        97",3.74,"
        T42",,,2,"
        T69",,
49,Scott Brown,0.318,"
        50",-0.144,"
        148",-0.076,"
        132",-0.046,"
        T113",0.052,"
        114",291.2,"
        T82",62.46,"
        66",63.74,"
        T137",67.17,"
        158",450,"
        T165",51.37,"
        84",58.59,"
        92",90,"
        T124",39.41,"
        T90",29.19,"
        T118",47,"
        T133",71.265,"
        T129",3.42,"
        T118",1003069,"
        93",4,"
        T33",556,"
        91"
50,Sean O'Hair,0.313,"
        51",-0.242,"
        162",0.122,"
        62",0.144,"
        71",0.337,"
        81",299.6,"
        T25",58.44,"
        125",66.33,"
        66",70.61,"
        T67",451,"
        170",64.71,"
        1",59.85,"
        66",86,"
        T80",40.88,"
        41",28.88,"
        T69",50,"
        T51",70.784,"
        67",3.72,"
        T47",702838,"
        119",1,"
        T113",492,"
        108"
51,Jason Dufner,0.307,"
        52",0.537,"
        20",0.039,"
        T90",-0.348,"
        177",0.535,"
        62",291.2,"
        T82",63.17,"
        58",69.51,"
        9",73.07,"
        21",413,"
        T32",47.1,"
        128",56,"
        T147",90,"
        T124",38.08,"
        T129",29.45,"
        T152",50,"
        T51",70.154,"
        17",3.87,"
        T20",2436265,"
        25",5,"
        T17",1229,"
        22"
52,Kevin Chappell,0.302,"
        T53",0.752,"
        7",0.134,"
        T53",-0.394,"
        181",0.794,"
        30",294.7,"
        T53",60.86,"
        83",65.66,"
        85",70.16,"
        79",415,"
        T38",43.97,"
        162",59.45,"
        77",83,"
        T43",37.81,"
        142",29.05,"
        T95",44,"
        T190",70.539,"
        43",3.52,"
        T89",3472720,"
        9",6,"
        T8",1422,"
        11"
53,Justin Hicks,0.302,"
        T53",0.151,"
        T90",-0.691,"
        200",-0.44,"
        186",-0.68,"
        178",279.8,"
        175",70.5,"
        5",67.22,"
        51",72.39,"
        34",406,"
        T18",40,"
        T189",44.92,"
        200",100,"
        T192",33.47,"
        199",30.48,"
        200",47,"
        T133",,,3.03,"
        189",,,1,"
        T113",,
54,Danny Lee,0.29,"
        55",0.404,"
        40",0.035,"
        92",-0.252,"
        155",0.471,"
        T68",286.2,"
        137",64.46,"
        39",64.15,"
        122",70.05,"
        83",427,"
        T74",56.21,"
        30",57.93,"
        117",86,"
        T80",39.75,"
        78",29.12,"
        T108",48,"
        T100",71.044,"
        107",3.57,"
        T76",1405722,"
        68",2,"
        T69",699,"
        65"
55,Daniel Berger,0.288,"
        56",0.502,"
        T24",-0.016,"
        108",0.341,"
        33",1.115,"
        18",298.8,"
        29",56.09,"
        158",67.35,"
        46",71.13,"
        57",431,"
        T93",48.48,"
        117",58.04,"
        T114",88,"
        T106",36.76,"
        173",29.14,"
        111",51,"
        T32",70.219,"
        22",3.88,"
        19",2846469,"
        21",5,"
        T17",1254,"
        20"
56,Patrick Reed,0.286,"
        57",0.102,"
        T100",0.448,"
        8",0.13,"
        74",0.966,"
        22",295.6,"
        45",56.65,"
        150",64.56,"
        112",68.87,"
        T114",434,"
        T106",56.93,"
        27",63.89,"
        7",80,"
        T21",39.78,"
        T74",28.54,"
        27",48,"
        T100",70.31,"
        33",3.7,"
        49",3486384,"
        8",9,"
        T2",1531,"
        8"
57,Chez Reavie,0.285,"
        58",0.666,"
        11",-0.03,"
        T114",-0.292,"
        T162",0.628,"
        T48",286.9,"
        T126",67.99,"
        13",67.95,"
        37",72.06,"
        41",402,"
        15",53.03,"
        59",63.78,"
        9",85,"
        T68",39.46,"
        T88",28.88,"
        T69",48,"
        T100",70.591,"
        50",3.45,"
        T114",1041744,"
        90",2,"
        T69",630,"
        78"
58,Brice Garnett,0.284,"
        59",-0.569,"
        186",-0.08,"
        T136",0.195,"
        58",-0.171,"
        138",281.4,"
        163",65.44,"
        30",67.14,"
        54",71.43,"
        55",438,"
        T133",36.36,"
        199",57.49,"
        125",91,"
        T138",37.3,"
        158",29.31,"
        T135",47,"
        T133",71.783,"
        168",3.69,"
        T50",376565,"
        164",2,"
        T69",172,"
        180"
59,Keegan Bradley,0.268,"
        60",0.5,"
        27",0.098,"
        T70",-0.653,"
        197",0.212,"
        T93",297.5,"
        36",64.52,"
        38",69.37,"
        10",72.11,"
        39",408,"
        T23",37.25,"
        196",54.4,"
        172",87,"
        T91",34.21,"
        195",30.14,"
        195",44,"
        T190",70.867,"
        84",3.47,"
        T107",819525,"
        112",2,"
        T69",476,"
        113"
60,Whee Kim,0.261,"
        61",-0.459,"
        181",0.13,"
        T57",-0.292,"
        T162",-0.36,"
        157",286.6,"
        135",63.31,"
        55",64.81,"
        T106",68.46,"
        124",456,"
        T178",41.54,"
        183",57.02,"
        130",93,"
        T160",36.88,"
        169",29.56,"
        T168",46,"
        T165",71.645,"
        161",3.21,"
        166",404262,"
        163",1,"
        T113",281,"
        154"
61,Jason Gore,0.24,"
        62",0,"
        124",-0.62,"
        198",-0.046,"
        T113",-0.426,"
        164",288.3,"
        T106",63.79,"
        51",66.9,"
        57",69.97,"
        87",396,"
        T5",42.98,"
        175",58.51,"
        94",92,"
        T149",39.21,"
        99",29.19,"
        T118",49,"
        T78",71.577,"
        157",3.53,"
        T87",416654,"
        158",,,307,"
        148"
62,Roberto Castro,0.238,"
        T63",0.496,"
        31",0.111,"
        T65",-0.361,"
        178",0.484,"
        67",282.8,"
        159",68.09,"
        12",68.92,"
        19",73.57,"
        12",419,"
        T47",51.2,"
        85",59.95,"
        62",87,"
        T91",36.71,"
        175",29.24,"
        T124",46,"
        T165",70.77,"
        65",3.62,"
        T66",1641658,"
        47",3,"
        T45",759,"
        55"
63,John Senden,0.238,"
        T63",0.224,"
        76",-0.265,"
        180",0.402,"
        27",0.598,"
        57",289.6,"
        T97",59.17,"
        114",68.73,"
        23",73.25,"
        20",442,"
        T140",48.36,"
        118",58.31,"
        101",97,"
        T180",37.82,"
        141",29.35,"
        T143",51,"
        T32",70.661,"
        52",3.68,"
        T53",944621,"
        98",1,"
        T113",577,"
        89"
64,Graham DeLaet,0.234,"
        T65",0.726,"
        10",-0.418,"
        194",-0.165,"
        141",0.377,"
        75",297,"
        41",60.17,"
        94",68.8,"
        21",72.12,"
        38",426,"
        73",42.86,"
        T176",53.71,"
        177",97,"
        T180",37.59,"
        T149",29.53,"
        T163",48,"
        T100",70.858,"
        T80",3.97,"
        T12",893002,"
        105",3,"
        T45",487,"
        110"
65,Russell Knox,0.234,"
        T65",0.364,"
        48",0.068,"
        84",-0.074,"
        123",0.592,"
        60",285.6,"
        143",68.46,"
        11",70.47,"
        3",74.15,"
        7",400,"
        T12",48.51,"
        116",61.6,"
        39",84,"
        T51",37.14,"
        163",29.64,"
        176",47,"
        T133",70.223,"
        23",3.6,"
        T70",4455211,"
        5",4,"
        T33",2001,"
        4"
66,Derek Ernst,0.23,"
        67",-0.353,"
        174",0.085,"
        T78",-0.719,"
        198",-0.758,"
        182",294.7,"
        T53",59.19,"
        113",65.03,"
        100",70.72,"
        65",448,"
        T158",48.35,"
        119",61.68,"
        35",84,"
        T51",38.13,"
        128",29.51,"
        T159",42,"
        200",72.215,"
        185",3.06,"
        186",166496,"
        193",,,125,"
        189"
67,Charles Howell III,0.219,"
        68",0.147,"
        94",0.351,"
        20",0.096,"
        79",0.812,"
        28",303,"
        17",52.3,"
        185",68.31,"
        T30",72.96,"
        23",447,"
        T155",50.44,"
        96",61.47,"
        41",81,"
        T28",38.48,"
        119",29.1,"
        T104",50,"
        T51",70.263,"
        29",3.8,"
        T26",1888171,"
        42",5,"
        T17",931,"
        37"
68,Brian Harman,0.209,"
        69",-0.75,"
        193",0.139,"
        52",0.578,"
        T13",0.175,"
        100",288.6,"
        105",63.09,"
        59",64.02,"
        127",66.74,"
        168",442,"
        T140",55.21,"
        37",60.53,"
        55",83,"
        T43",42.42,"
        14",28.48,"
        T19",49,"
        T78",71.092,"
        111",3.69,"
        T50",1003388,"
        92",2,"
        T69",607,"
        82"
69,Bud Cauley,0.208,"
        70",-0.133,"
        146",0.457,"
        5",-0.289,"
        160",0.244,"
        88",297.4,"
        T37",58.72,"
        121",63.96,"
        130",68.06,"
        137",431,"
        T93",55,"
        39",62.45,"
        22",70,"
        1",40.03,"
        68",28.74,"
        T49",44,"
        T190",70.855,"
        78",3.77,"
        T34",501230,"
        147",1,"
        T113",269,"
        159"
70,Francesco Molinari,0.199,"
        71",0.499,"
        28",0.24,"
        36",-0.258,"
        156",0.679,"
        42",286.7,"
        134",63.86,"
        48",65.41,"
        T93",69.39,"
        106",427,"
        T74",46.07,"
        T143",61.14,"
        48",81,"
        T28",38.17,"
        126",29.11,"
        T106",47,"
        T133",70.332,"
        35",3.35,"
        T135",1083155,"
        86",3,"
        T45",550,"
        94"
71,Webb Simpson,0.194,"
        72",0.76,"
        6",0.302,"
        28",-0.317,"
        170",0.939,"
        23",284.8,"
        T149",63.01,"
        60",66.57,"
        61",73.73,"
        11",398,"
        T10",52.42,"
        68",59.28,"
        80",81,"
        T28",39.07,"
        103",29.1,"
        T104",49,"
        T78",70.213,"
        21",3.73,"
        T44",1417811,"
        67",2,"
        T69",665,"
        71"
72,Marc Leishman,0.19,"
        73",0.086,"
        T108",0.253,"
        T32",0.233,"
        53",0.761,"
        31",295.7,"
        44",60.81,"
        T84",66.08,"
        74",70.61,"
        T67",429,"
        T82",52.8,"
        62",60.34,"
        56",82,"
        T37",38.96,"
        107",28.89,"
        T73",48,"
        T100",70.327,"
        34",3.54,"
        T84",1524160,"
        59",2,"
        T69",765,"
        54"
73,Nick Taylor,0.185,"
        74",0.07,"
        113",-0.103,"
        T144",-0.144,"
        139",0.008,"
        120",295.5,"
        T46",57.21,"
        141",65.33,"
        97",70.34,"
        76",431,"
        T93",45.8,"
        149",59.83,"
        67",89,"
        T115",39.78,"
        T74",28.87,"
        T67",47,"
        T133",71.256,"
        T126",3.48,"
        T103",628756,"
        129",1,"
        T113",441,"
        120"
74,Kyle Reifers,0.18,"
        75",0.181,"
        80",-0.107,"
        146",0.088,"
        82",0.343,"
        79",286.9,"
        T126",65.88,"
        28",68.38,"
        28",72.7,"
        29",422,"
        T60",53.64,"
        55",55.62,"
        T156",88,"
        T106",37.74,"
        146",29.36,"
        T145",51,"
        T32",70.797,"
        68",3.62,"
        T66",1470940,"
        65",5,"
        T17",821,"
        49"
75,Smylie Kaufman,0.171,"
        76",0.086,"
        T108",0.123,"
        61",0.105,"
        78",0.485,"
        66",298.9,"
        T27",53.19,"
        181",66.17,"
        T70",70.77,"
        63",435,"
        T112",54.48,"
        44",55.58,"
        159",89,"
        T115",38.25,"
        124",29.18,"
        117",50,"
        T51",70.879,"
        86",3.82,"
        23",2424647,"
        27",4,"
        T33",1181,"
        24"
76,Rod Pampling,0.161,"
        77",-0.42,"
        179",0.384,"
        14",-0.365,"
        179",-0.24,"
        144",286.8,"
        T132",61.79,"
        72",63.01,"
        160",64.7,"
        188",418,"
        T43",50.57,"
        93",63.14,"
        15",82,"
        T37",39.27,"
        98",28.86,"
        T65",44,"
        T190",71.546,"
        154",3.02,"
        T190",133121,"
        200",,,121,"
        191"
77,Adam Hadwin,0.154,"
        78",-0.044,"
        131",-0.201,"
        T170",0.579,"
        12",0.487,"
        65",288.7,"
        104",62.64,"
        64",65.37,"
        95",69.48,"
        103",437,"
        T123",52.38,"
        69",57.5,"
        T123",85,"
        T68",41.63,"
        24",28.48,"
        T19",52,"
        T18",70.859,"
        82",3.79,"
        T30",874762,"
        108",1,"
        T113",532,"
        100"
78,Scott Stallings,0.153,"
        79",0.151,"
        T90",0.013,"
        101",-0.261,"
        157",0.055,"
        113",294.7,"
        T53",55.93,"
        T160",64.84,"
        105",68.95,"
        113",431,"
        T93",38.26,"
        194",58.27,"
        102",84,"
        T51",39.41,"
        T90",28.98,"
        T82",45,"
        T179",71.098,"
        112",3.36,"
        T131",627834,"
        132",1,"
        T113",390,"
        132"
79,Brandt Snedeker,0.146,"
        80",0.269,"
        65",0.322,"
        T24",0.183,"
        64",0.921,"
        24",292,"
        76",58.82,"
        120",65.3,"
        98",70.58,"
        69",429,"
        T82",50.48,"
        95",62.88,"
        18",76,"
        8",40.66,"
        47",28.65,"
        39",48,"
        T100",70.232,"
        24",3.77,"
        T34",3265011,"
        15",6,"
        T8",1555,"
        6"
80,Chad Campbell,0.143,"
        81",0.34,"
        50",0.338,"
        21",-0.205,"
        T150",0.617,"
        T51",286.9,"
        T126",64.4,"
        T41",67.29,"
        50",71.66,"
        T52",430,"
        T90",55.28,"
        36",62.42,"
        23",80,"
        T21",38.47,"
        T120",29.25,"
        T126",46,"
        T165",70.588,"
        49",3.54,"
        T84",1060497,"
        89",3,"
        T45",621,"
        79"
81,Will MacKenzie,0.126,"
        82",0.017,"
        122",0.111,"
        T65",-0.566,"
        194",-0.312,"
        151",285.5,"
        144",60.72,"
        T87",66.22,"
        67",70.74,"
        64",428,"
        T78",46.96,"
        131",56.67,"
        138",84,"
        T51",37.39,"
        155",29.55,"
        167",45,"
        T179",71.444,"
        141",3.31,"
        T146",405329,"
        162",1,"
        T113",304,"
        149"
82,Bronson Burgoon,0.124,"
        83",0.172,"
        T81",-0.415,"
        193",-0.03,"
        107",-0.148,"
        135",292.5,"
        T73",57.02,"
        143",66.21,"
        68",70.02,"
        86",436,"
        T118",46.08,"
        142",58.33,"
        100",90,"
        T124",37.6,"
        148",29.26,"
        T128",49,"
        T78",71.111,"
        113",3.26,"
        T156",544329,"
        143",,,406,"
        124"
83,Bill Haas,0.123,"
        84",0.473,"
        32",0.356,"
        19",-0.194,"
        T147",0.757,"
        32",287.5,"
        T122",62.88,"
        T62",67.32,"
        T47",73.33,"
        T17",437,"
        T123",50.41,"
        97",63,"
        17",83,"
        T43",36.6,"
        178",29.51,"
        T159",44,"
        T190",70.261,"
        28",3.12,"
        T178",2281173,"
        32",6,"
        T8",1085,"
        30"
84,Wes Roach,0.121,"
        85",-0.289,"
        169",-0.259,"
        176",0.411,"
        26",-0.016,"
        124",294.6,"
        57",61.21,"
        76",63.35,"
        150",68.47,"
        123",425,"
        T70",45.78,"
        150",58.6,"
        91",86,"
        T80",40.92,"
        39",28.79,"
        T57",51,"
        T32",71.511,"
        152",3.56,"
        T78",342098,"
        166",,,241,"
        163"
85,Phil Mickelson,0.12,"
        86",0.646,"
        12",0.327,"
        23",0.756,"
        4",1.849,"
        4",293.8,"
        T64",56.35,"
        154",66.19,"
        69",70.12,"
        80",437,"
        T123",60.71,"
        T5",64.31,"
        5",81,"
        T28",43.97,"
        6",28.07,"
        7",54,"
        T6",69.192,"
        1",4.1,"
        8",3645759,"
        6",6,"
        T8",1532,"
        7"
86,Chris Kirk,0.107,"
        87",0.418,"
        36",0.106,"
        69",0.085,"
        84",0.717,"
        38",285.9,"
        141",60.76,"
        86",63.69,"
        143",68.52,"
        T120",419,"
        T47",55.64,"
        34",61.85,"
        T31",79,"
        T15",41.47,"
        29",28.66,"
        40",48,"
        T100",70.98,"
        95",3.38,"
        T126",1491828,"
        61",2,"
        T69",727,"
        59"
87,Brett Stegmaier,0.099,"
        88",0.091,"
        105",-0.159,"
        164",-0.107,"
        T133",-0.077,"
        129",294.1,"
        T61",61.03,"
        79",66.12,"
        72",69.87,"
        T90",423,"
        T64",41.58,"
        182",58.7,"
        90",94,"
        T164",36.42,"
        180",29.47,"
        156",47,"
        T133",71.157,"
        119",3.33,"
        T139",896874,"
        104",2,"
        T69",466,"
        117"
88,Ben Martin,0.098,"
        89",0.102,"
        T100",-0.201,"
        T170",0.131,"
        73",0.13,"
        T105",287.5,"
        T122",60.97,"
        81",66.82,"
        59",69.88,"
        89",430,"
        T90",40.18,"
        188",55.35,"
        161",100,"
        T192",37.89,"
        140",29.29,"
        132",54,"
        T6",71.227,"
        124",3.64,"
        T63",624515,"
        133",1,"
        T113",441,"
        121"
89,Cameron Percy,0.091,"
        90",0.338,"
        51",-0.079,"
        T134",-0.291,"
        161",0.06,"
        112",293.7,"
        68",58.9,"
        118",69.23,"
        12",74.01,"
        T8",411,"
        T25",46.94,"
        132",56.94,"
        131",90,"
        T124",35.9,"
        188",29.69,"
        180",47,"
        T133",71.173,"
        122",3.36,"
        T131",285705,"
        173",,,224,"
        169"
90,Angel Cabrera,0.09,"
        91",-0.201,"
        154",-0.544,"
        197",-0.335,"
        174",-0.99,"
        188",294.3,"
        59",57.53,"
        T134",62.4,"
        174",66.93,"
        163",466,"
        T190",41.49,"
        184",54.35,"
        173",101,"
        T195",37.9,"
        T138",29.57,"
        T170",47,"
        T133",72.169,"
        184",3.14,"
        T176",259358,"
        179",,,159,"
        183"
91,Rory Sabbatini,0.089,"
        92",-0.743,"
        192",0.04,"
        89",-0.92,"
        199",-1.534,"
        196",287.6,"
        T117",61.01,"
        80",63.44,"
        T146",67.3,"
        151",471,"
        196",50,"
        T99",55.32,"
        162",95,"
        T171",39.56,"
        87",29.72,"
        182",49,"
        T78",72.547,"
        191",3.44,"
        T116",139916,"
        198",,,134,"
        186"
92,Ernie Els,0.088,"
        93",-0.46,"
        182",-0.006,"
        107",0.396,"
        29",0.018,"
        T118",292.3,"
        75",52.91,"
        183",60.94,"
        191",64.92,"
        186",466,"
        T190",42.19,"
        181",54.67,"
        169",87,"
        T91",40.45,"
        55",28.75,"
        T52",53,"
        T8",71.378,"
        137",3.34,"
        T137",559024,"
        141",1,"
        T113",273,"
        158"
93,Jerry Kelly,0.084,"
        94",0.332,"
        53",-0.113,"
        T149",-0.071,"
        122",0.231,"
        90",276.6,"
        187",71.38,"
        T2",65.36,"
        96",69.79,"
        T95",398,"
        T10",53.77,"
        T53",65.16,"
        3",85,"
        T68",39.32,"
        95",28.88,"
        T69",45,"
        T179",70.972,"
        93",3.19,"
        168",1237771,"
        78",2,"
        T69",648,"
        75"
94,Justin Thomas,0.083,"
        95",0.551,"
        19",-0.06,"
        126",-0.217,"
        152",0.357,"
        78",301,"
        23",54.29,"
        176",65.69,"
        T82",69.4,"
        105",423,"
        T64",52.14,"
        70",54.86,"
        165",91,"
        T138",36.94,"
        168",29.39,"
        T148",47,"
        T133",70.548,"
        44",3.73,"
        T44",3561845,"
        7",5,"
        T17",1512,"
        9"
95,Blayne Barber,0.082,"
        96",-0.088,"
        138",-0.099,"
        T141",0.03,"
        94",-0.075,"
        128",287.9,"
        T113",62.24,"
        69",65.44,"
        92",69.8,"
        T93",428,"
        T78",51.09,"
        T86",55.79,"
        154",91,"
        T138",37.99,"
        136",29.25,"
        T126",50,"
        T51",71.273,"
        131",3.49,"
        102",628675,"
        130",1,"
        T113",437,"
        122"
96,Matt Jones,0.073,"
        97",-0.252,"
        164",0.174,"
        46",-0.441,"
        187",-0.446,"
        166",295.3,"
        T49",56.81,"
        146",63.29,"
        T152",66.67,"
        T169",449,"
        T161",50.78,"
        91",55.62,"
        T156",87,"
        T91",38.06,"
        131",29.15,"
        T112",46,"
        T165",71.29,"
        133",3.5,"
        T97",680083,"
        120",,,404,"
        126"
97,Spencer Levin,0.071,"
        98",-0.008,"
        127",0.236,"
        39",0.014,"
        97",0.313,"
        85",281.2,"
        164",66.91,"
        19",66.17,"
        T70",71.06,"
        58",418,"
        T43",48.89,"
        110",60.04,"
        60",85,"
        T68",39.01,"
        106",28.9,"
        T75",46,"
        T165",70.908,"
        88",3.5,"
        T97",1161097,"
        84",2,"
        T69",644,"
        76"
98,Ken Duke,0.065,"
        99",-0.209,"
        155",-0.021,"
        110",-0.568,"
        195",-0.733,"
        180",280.6,"
        168",64.17,"
        46",58.89,"
        T194",64.02,"
        190",420,"
        T54",44.35,"
        160",53.24,"
        183",90,"
        T124",40.67,"
        46",28.9,"
        T75",46,"
        T165",71.931,"
        177",3.24,"
        162",773025,"
        114",2,"
        T69",309,"
        147"
99,Hunter Mahan,0.06,"
        100",-0.714,"
        190",-0.321,"
        T186",0.199,"
        56",-0.775,"
        183",294.1,"
        T61",57.25,"
        140",62.57,"
        T169",65.56,"
        T179",474,"
        197",52.75,"
        64",55.73,"
        155",95,"
        T171",40.06,"
        66",29.19,"
        T118",49,"
        T78",72.165,"
        182",3.26,"
        T156",230694,"
        184",,,174,"
        179"
100,Fabian Gomez,0.047,"
        T101",-0.26,"
        T165",0.053,"
        86",0.059,"
        90",-0.1,"
        132",289.8,"
        T94",60.72,"
        T87",63.76,"
        136",67.76,"
        142",449,"
        T161",52.59,"
        66",55.84,"
        152",90,"
        T124",39.3,"
        97",29.19,"
        T118",50,"
        T51",71.4,"
        139",3.37,"
        T128",1875871,"
        43",3,"
        T45",924,"
        38"
101,Daniel Summerhays,0.047,"
        T101",0.021,"
        120",0.029,"
        T94",0.637,"
        8",0.734,"
        37",288.2,"
        T108",59.39,"
        107",64.29,"
        119",68.2,"
        133",460,"
        T182",47.47,"
        124",58.22,"
        T104",97,"
        T180",41.2,"
        34",28.56,"
        29",53,"
        T8",70.341,"
        36",3.79,"
        T30",2028628,"
        35",2,"
        T69",963,"
        35"
102,Scott Langley,0.044,"
        103",-1.145,"
        196",0.243,"
        34",-0.065,"
        118",-0.923,"
        187",284.2,"
        153",64.11,"
        47",63.13,"
        156",67.28,"
        152",485,"
        199",52.88,"
        61",61.64,"
        37",82,"
        T37",37.78,"
        145",29.31,"
        T135",47,"
        T133",72.168,"
        183",2.96,"
        194",269865,"
        177",,,183,"
        177"
103,Johnson Wagner,0.041,"
        104",0.071,"
        112",-0.174,"
        166",0.191,"
        59",0.13,"
        T105",287.6,"
        T117",59.9,"
        95",69.29,"
        11",73.33,"
        T17",444,"
        T147",45.45,"
        153",56.85,"
        T134",99,"
        T190",35.48,"
        192",29.59,"
        173",51,"
        T32",71.077,"
        109",3.41,"
        T123",627920,"
        131",1,"
        T113",405,"
        125"
104,Will Wilcox,0.04,"
        105",0.159,"
        T85",-0.261,"
        178",-0.027,"
        106",-0.089,"
        130",292.9,"
        71",59.34,"
        109",63.42,"
        148",67.25,"
        154",434,"
        T106",42.86,"
        T176",58.18,"
        T106",87,"
        T91",40.43,"
        56",28.74,"
        T49",48,"
        T100",71.055,"
        108",3.52,"
        T89",676841,"
        121",2,"
        T69",399,"
        128"
105,Robert Streb,0.036,"
        106",0.349,"
        49",0.223,"
        41",-0.305,"
        167",0.303,"
        87",293.8,"
        T64",56.76,"
        147",65.62,"
        T87",69.7,"
        98",431,"
        T93",46.72,"
        135",55.9,"
        150",87,"
        T91",36.26,"
        182",29.74,"
        184",47,"
        T133",71.19,"
        123",3.36,"
        T131",958867,"
        96",1,"
        T113",556,"
        92"
106,Henrik Norlander,0.027,"
        107",0.089,"
        106",-0.085,"
        139",-0.035,"
        109",-0.005,"
        123",288.1,"
        T110",61.2,"
        77",67.85,"
        39",72.1,"
        40",417,"
        T40",48.84,"
        T111",60.91,"
        50",92,"
        T149",37.25,"
        160",29.51,"
        T159",48,"
        T100",71.265,"
        T129",3.38,"
        T126",258249,"
        180",,,232,"
        167"
107,Anirban Lahiri,0.025,"
        108",0.143,"
        95",-0.08,"
        T136",-0.02,"
        104",0.068,"
        111",291.7,"
        T78",56.31,"
        155",62.88,"
        T164",66.67,"
        T169",450,"
        T165",43.55,"
        169",56.4,"
        141",97,"
        T180",41.06,"
        36",28.88,"
        T69",46,"
        T165",71.139,"
        T115",3.46,"
        T110",835171,"
        110",1,"
        T113",494,"
        107"
108,Vijay Singh,0.024,"
        109",0.086,"
        T108",0.201,"
        44",-0.077,"
        124",0.234,"
        89",290.5,"
        T89",56.15,"
        156",62.88,"
        T164",69.68,"
        99",448,"
        T158",43.36,"
        172",56.92,"
        133",84,"
        T51",39.65,"
        82",28.94,"
        79",47,"
        T133",70.979,"
        94",3.42,"
        T118",1190700,"
        82",2,"
        T69",586,"
        87"
109,Steve Marino,0.017,"
        110",-0.437,"
        180",-0.294,"
        182",0.063,"
        89",-0.65,"
        173",291.2,"
        T82",56.52,"
        151",64.7,"
        109",68.03,"
        138",452,"
        171",50.93,"
        89",56.85,"
        T134",98,"
        T188",37.9,"
        T138",29.27,"
        T130",51,"
        T32",71.652,"
        163",3.34,"
        T137",643400,"
        126",1,"
        T113",357,"
        138"
110,Shawn Stefani,0.012,"
        111",0.018,"
        121",0.069,"
        83",-0.392,"
        180",-0.293,"
        150",291.6,"
        80",56.88,"
        144",65.93,"
        T77",70.17,"
        78",431,"
        T93",51.75,"
        T77",59.78,"
        70",81,"
        T28",36.81,"
        T171",29.57,"
        T170",44,"
        T190",71.492,"
        150",3.09,"
        183",570177,"
        138",1,"
        T113",376,"
        136"
111,Kyle Stanley,0.011,"
        112",0.169,"
        83",0.012,"
        102",-0.146,"
        140",0.046,"
        116",287.7,"
        T115",63.19,"
        57",66.02,"
        76",70.54,"
        T70",414,"
        T35",42.86,"
        T176",55.2,"
        163",90,"
        T124",37.59,"
        T149",29.36,"
        T145",48,"
        T100",71.139,"
        T115",3.47,"
        T107",426104,"
        157",,,395,"
        129"
112,Steve Wheatcroft,0.008,"
        113",-0.394,"
        175",-0.003,"
        105",0.121,"
        T76",-0.268,"
        147",285.7,"
        142",59.43,"
        106",61.19,"
        187",67.27,"
        153",450,"
        T165",43.61,"
        167",59.92,"
        63",84,"
        T51",42.22,"
        16",28.57,"
        T30",50,"
        T51",71.512,"
        153",3.25,"
        T160",568524,"
        139",2,"
        T69",359,"
        137"
113,Zac Blair,-0.003,"
        114",-0.484,"
        183",-0.004,"
        106",0.149,"
        68",-0.34,"
        152",275.5,"
        T192",69.38,"
        8",62.26,"
        177",67.05,"
        159",436,"
        T118",48.78,"
        114",62.77,"
        19",81,"
        T28",40.61,"
        48",28.62,"
        T34",51,"
        T32",71.476,"
        148",3.23,"
        T163",876605,"
        107",2,"
        T69",541,"
        97"
114,Abraham Ancer,-0.018,"
        T115",-0.21,"
        156",-0.063,"
        130",-0.437,"
        185",-0.728,"
        179",275.2,"
        T194",65.25,"
        31",60.98,"
        190",67.88,"
        141",421,"
        T56",45.21,"
        155",56.61,"
        140",88,"
        T106",38.23,"
        125",29.02,"
        T89",45,"
        T179",72.244,"
        186",3.26,"
        T156",130171,"
        201",,,106,"
        197"
115,Andrew Loupe,-0.018,"
        T115",-0.341,"
        173",-0.061,"
        T127",0.301,"
        41",-0.12,"
        133",307.8,"
        6",44.81,"
        199",62.85,"
        167",66.09,"
        175",459,"
        T180",47.22,"
        T125",52.46,"
        186",94,"
        T164",41.71,"
        23",28.52,"
        T24",53,"
        T8",71.493,"
        151",3.97,"
        T12",1005676,"
        91",4,"
        T33",483,"
        111"
116,Vaughn Taylor,-0.027,"
        117",0.602,"
        15",-0.057,"
        124",-0.397,"
        182",0.121,"
        107",287.1,"
        125",60.81,"
        T84",63.7,"
        T141",68.38,"
        T127",393,"
        4",52.43,"
        67",54.59,"
        170",84,"
        T51",39.63,"
        T83",28.95,"
        80",45,"
        T179",70.893,"
        87",3.62,"
        T66",1546684,"
        57",1,"
        T113",726,"
        60"
117,John Huh,-0.029,"
        T118",0.156,"
        T88",0.09,"
        T73",-0.22,"
        153",-0.002,"
        121",283.5,"
        157",67.05,"
        17",65.62,"
        T87",70.88,"
        61",422,"
        T60",60.5,"
        7",61.36,"
        44",81,"
        T28",38.16,"
        127",28.87,"
        T67",46,"
        T165",71.131,"
        114",3.42,"
        T118",922394,"
        102",3,"
        T45",514,"
        103"
118,Chris Stroud,-0.029,"
        T118",0.108,"
        T97",-0.126,"
        155",0.205,"
        55",0.158,"
        104",286.1,"
        138",60.21,"
        93",65.62,"
        T87",69.14,"
        110",437,"
        T123",40.29,"
        187",58.08,"
        111",92,"
        T149",39.34,"
        94",29.05,"
        T95",51,"
        T32",71.142,"
        118",3.45,"
        T114",587864,"
        136",1,"
        T113",410,"
        123"
119,Mark Hubbard,-0.035,"
        120",-0.239,"
        161",-0.111,"
        147",0.235,"
        52",-0.151,"
        136",280,"
        173",65.8,"
        29",63.74,"
        T137",67.53,"
        146",437,"
        T123",54.7,"
        42",61.28,"
        46",92,"
        T149",40.42,"
        57",28.77,"
        T55",50,"
        T51",71.339,"
        135",3.4,"
        125",642942,"
        127",,,503,"
        105"
120,Jeff Overton,-0.054,"
        121",-0.157,"
        150",0.134,"
        T53",-0.416,"
        183",-0.492,"
        168",285,"
        T146",59.25,"
        112",63.85,"
        132",68.87,"
        T114",463,"
        T187",43.7,"
        166",63.59,"
        T11",86,"
        T80",39.66,"
        T80",29.05,"
        T95",47,"
        T133",71.466,"
        147",3.26,"
        T156",410246,"
        161",1,"
        T113",289,"
        153"
121,Miguel Angel Carballo,-0.056,"
        122",-0.67,"
        188",-0.031,"
        116",-0.527,"
        191",-1.285,"
        194",289.3,"
        100",56.12,"
        157",62.57,"
        T169",65.87,"
        178",438,"
        T133",51.43,"
        82",55.86,"
        151",94,"
        T164",38.01,"
        135",29.39,"
        T148",47,"
        T133",72.47,"
        189",3.32,"
        T142",170909,"
        192",1,"
        T113",107,"
        196"
122,Jimmy Walker,-0.059,"
        123",0.605,"
        14",0.367,"
        17",0.274,"
        43",1.187,"
        17",299.8,"
        24",48.98,"
        196",63.97,"
        T128",70.06,"
        82",446,"
        T152",49.57,"
        102",58.18,"
        T106",79,"
        T15",41.5,"
        T27",28.71,"
        T47",49,"
        T78",70.251,"
        26",3.86,"
        22",3271771,"
        13",4,"
        T33",1352,"
        15"
123,Chesson Hadley,-0.063,"
        124",0.15,"
        92",-0.2,"
        169",-0.128,"
        137",-0.241,"
        145",296,"
        T42",56.44,"
        153",64.31,"
        118",68.52,"
        T120",432,"
        T99",45.93,"
        147",54.16,"
        174",92,"
        T149",38.51,"
        118",29.12,"
        T108",48,"
        T100",71.646,"
        162",3.58,"
        T74",491617,"
        149",,,281,"
        155"
124,Andy Sullivan,-0.066,"
        125",0.096,"
        103",-0.1,"
        143",0.251,"
        T48",0.163,"
        102",285,"
        T146",63.29,"
        56",64.51,"
        114",66.92,"
        T164",449,"
        T161",45.9,"
        148",52.17,"
        188",89,"
        T115",36.11,"
        T184",29.56,"
        T168",52,"
        T18",,,3.17,"
        T173",,,,,,
125,Michael Thompson,-0.073,"
        126",0.103,"
        99",0.083,"
        80",-0.17,"
        142",-0.058,"
        126",291.3,"
        81",59.89,"
        T96",65.63,"
        86",71.66,"
        T52",404,"
        16",51.85,"
        76",56.31,"
        142",89,"
        T115",38.89,"
        T108",29.19,"
        T118",50,"
        T51",71.233,"
        125",3.97,"
        T12",521983,"
        144",1,"
        T113",340,"
        140"
126,Kelly Kraft,-0.074,"
        127",-0.118,"
        140",-0.227,"
        173",0.186,"
        61",-0.232,"
        143",288,"
        112",58.49,"
        123",66.34,"
        65",69.44,"
        104",421,"
        T56",45.98,"
        146",53.4,"
        180",95,"
        T171",38.02,"
        134",29.06,"
        101",47,"
        T133",71.661,"
        164",3.51,"
        T91",215861,"
        187",,,161,"
        182"
127,Sung Kang,-0.076,"
        T128",-0.26,"
        T165",-0.03,"
        T114",0.175,"
        T65",-0.192,"
        140",290.9,"
        T85",59.29,"
        T110",63.77,"
        135",67.89,"
        140",466,"
        T190",50.39,"
        98",59.87,"
        65",84,"
        T51",40.72,"
        45",28.92,"
        77",49,"
        T78",71.043,"
        106",3.27,"
        T152",761050,"
        115",2,"
        T69",395,"
        130"
128,Ian Poulter,-0.076,"
        T128",-0.738,"
        191",0.06,"
        85",0.079,"
        86",-0.675,"
        176",283,"
        158",62.88,"
        T62",60.74,"
        192",61.83,"
        198",469,"
        T194",54.29,"
        46",59.43,"
        T78",78,"
        T10",39.63,"
        T83",29.11,"
        T106",51,"
        T32",71.744,"
        166",2.8,"
        197",370256,"
        165",1,"
        T113",236,"
        165"
129,Brian Stuard,-0.081,"
        130",-0.17,"
        152",0.086,"
        T76",-0.042,"
        112",-0.207,"
        142",276.4,"
        T188",70.39,"
        6",63.22,"
        155",66.92,"
        T164",405,"
        17",51.39,"
        83",62.24,"
        24",84,"
        T51",40.33,"
        58",28.82,"
        60",50,"
        T51",71.39,"
        138",3.28,"
        T149",1506878,"
        60",1,"
        T113",658,"
        72"
130,Colt Knost,-0.084,"
        131",0.225,"
        75",-0.079,"
        T134",0.398,"
        28",0.46,"
        70",270.2,"
        198",73.97,"
        1",65.92,"
        79",69.61,"
        101",412,"
        T29",50.76,"
        92",62.23,"
        25",88,"
        T106",40.24,"
        62",28.89,"
        T73",51,"
        T32",70.681,"
        57",3.28,"
        T149",1594587,"
        53",3,"
        T45",803,"
        50"
131,James Hahn,-0.086,"
        132",-0.123,"
        143",0.114,"
        64",-0.296,"
        166",-0.391,"
        161",290.9,"
        T85",59.66,"
        102",63.7,"
        T141",68.17,"
        135",437,"
        T123",41.41,"
        185",54.9,"
        164",91,"
        T138",36.52,"
        179",29.44,"
        151",45,"
        T179",71.307,"
        134",3.27,"
        T152",1991502,"
        36",2,"
        T69",878,"
        42"
132,Michael Kim,-0.105,"
        133",-0.038,"
        130",-0.166,"
        165",0.332,"
        36",0.023,"
        117",284,"
        154",58.15,"
        T130",62.92,"
        163",67.41,"
        147",433,"
        T102",58.94,"
        14",61.67,"
        36",90,"
        T124",42.38,"
        15",28.44,"
        17",53,"
        T8",71.166,"
        T120",3.5,"
        T97",641208,"
        128",,,477,"
        112"
133,Geoff Ogilvy,-0.107,"
        134",0.039,"
        116",0.089,"
        75",-0.531,"
        192",-0.51,"
        169",290.7,"
        87",60.48,"
        92",61.98,"
        T180",65.34,"
        T183",434,"
        T106",44.44,"
        T157",54.73,"
        168",89,"
        T115",37.8,"
        T143",29.31,"
        T135",45,"
        T179",71.852,"
        173",3.18,"
        T169",282330,"
        174",1,"
        T113",187,"
        175"
134,Jason Bohn,-0.11,"
        135",0.242,"
        71",-0.273,"
        181",0.137,"
        72",-0.003,"
        122",276.4,"
        T188",68.53,"
        10",66.36,"
        64",69.27,"
        108",406,"
        T18",43.75,"
        T164",58.26,"
        103",86,"
        T80",40.3,"
        T59",28.53,"
        26",47,"
        T133",70.957,"
        91",3.76,"
        T36",1343191,"
        70",3,"
        T45",654,"
        73"
135,Graeme McDowell,-0.119,"
        T136",0.156,"
        T88",0.081,"
        81",-0.322,"
        171",-0.205,"
        141",279.5,"
        180",67.95,"
        15",64.24,"
        121",68.86,"
        116",430,"
        T90",46.51,"
        139",59.22,"
        T83",92,"
        T149",38.54,"
        116",29.33,"
        T139",45,"
        T179",70.848,"
        77",3.46,"
        T110",2376580,"
        28",4,"
        T33",1049,"
        32"
136,Dawie van der Walt,-0.119,"
        T136",0.267,"
        66",-0.467,"
        196",-0.107,"
        T133",-0.425,"
        163",288.3,"
        T106",55.13,"
        172",66.04,"
        75",69.79,"
        T95",429,"
        T82",37.21,"
        197",50.66,"
        196",103,"
        T198",36.65,"
        176",29.45,"
        T152",48,"
        T100",71.57,"
        156",3.44,"
        T116",264493,"
        178",,,188,"
        174"
137,Rhein Gibson,-0.122,"
        T138",0.024,"
        119",-0.407,"
        192",-0.326,"
        173",-0.831,"
        186",295.1,"
        T51",51.71,"
        191",67.01,"
        56",70.03,"
        85",448,"
        T158",49.12,"
        106",54.74,"
        167",100,"
        T192",36.11,"
        T184",29.96,"
        192",47,"
        T133",72.313,"
        187",3.17,"
        T173",142614,"
        197",,,96,"
        200"
138,Bryce Molder,-0.122,"
        T138",-0.211,"
        157",0.485,"
        2",0.586,"
        T10",0.738,"
        35",280.2,"
        T171",62.95,"
        61",61.98,"
        T180",67.04,"
        160",429,"
        T82",59.2,"
        13",66.6,"
        2",78,"
        T10",43.41,"
        9",27.94,"
        5",50,"
        T51",70.814,"
        69",3.41,"
        T123",1333707,"
        71",5,"
        T17",652,"
        74"
139,Ben Crane,-0.123,"
        140",0.079,"
        111",0.166,"
        48",0.255,"
        46",0.378,"
        74",280.2,"
        T171",63.62,"
        53",63.97,"
        T128",68.31,"
        131",437,"
        T123",57.26,"
        24",61.46,"
        42",86,"
        T80",41.74,"
        22",28.58,"
        32",48,"
        T100",70.839,"
        75",3.5,"
        T97",607892,"
        135",1,"
        T113",500,"
        106"
140,Stewart Cink,-0.126,"
        141",0.299,"
        60",0.086,"
        T76",-0.431,"
        184",-0.172,"
        139",295.1,"
        T51",57.37,"
        138",68.97,"
        T16",71.95,"
        45",450,"
        T165",42.35,"
        179",52.7,"
        184",97,"
        T180",33.86,"
        198",30.06,"
        194",43,"
        199",71.088,"
        110",3.47,"
        T107",327695,"
        167",,,249,"
        162"
141,Ryan Moore,-0.127,"
        142",0.172,"
        T81",0.227,"
        40",0.343,"
        32",0.615,"
        53",279.6,"
        T176",66.58,"
        T20",64.91,"
        103",70.46,"
        73",420,"
        T54",46.59,"
        138",57.5,"
        T123",84,"
        T51",39.57,"
        86",28.75,"
        T52",51,"
        T32",70.677,"
        56",3.51,"
        T91",1576469,"
        54",5,"
        T17",719,"
        62"
142,Davis Love III,-0.132,"
        143",-0.2,"
        153",-0.26,"
        177",-0.55,"
        193",-1.142,"
        190",290.2,"
        93",66.31,"
        23",63.29,"
        T152",69.8,"
        T93",446,"
        T152",46.07,"
        T143",53.62,"
        179",96,"
        T177",37.32,"
        157",29.67,"
        178",44,"
        T190",72.336,"
        188",3.28,"
        T149",222422,"
        186",,,154,"
        184"
143,J.J. Henry,-0.144,"
        144",-0.22,"
        159",-0.072,"
        131",-0.237,"
        154",-0.673,"
        175",286,"
        T139",59.01,"
        116",67.2,"
        52",74.01,"
        T8",461,"
        T184",48.84,"
        T111",53.28,"
        181",96,"
        T177",32.17,"
        200",30.37,"
        197",47,"
        T133",72.037,"
        180",2.79,"
        198",280674,"
        175",,,162,"
        181"
144,Tyler Aldridge,-0.158,"
        145",-0.003,"
        125",0.098,"
        T70",-0.08,"
        126",-0.143,"
        134",284.8,"
        T149",56.74,"
        148",64.92,"
        T101",69.67,"
        100",417,"
        T40",53.77,"
        T53",58.57,"
        93",86,"
        T80",37.52,"
        152",29.27,"
        T130",48,"
        T100",71.373,"
        136",3.32,"
        T142",507946,"
        146",,,381,"
        134"
145,Morgan Hoffmann,-0.162,"
        146",-0.313,"
        170",-0.113,"
        T149",0.239,"
        51",-0.349,"
        156",292.7,"
        72",57.39,"
        137",61.75,"
        183",65.41,"
        181",453,"
        T172",51.49,"
        81",57.86,"
        119",92,"
        T149",41.35,"
        31",28.85,"
        64",52,"
        T18",71.633,"
        159",3.48,"
        T103",439490,"
        155",,,262,"
        160"
146,David Hearn,-0.172,"
        147",0.528,"
        21",0.109,"
        T67",0.152,"
        67",0.617,"
        T51",280.4,"
        170",66.58,"
        T20",67.83,"
        40",71.9,"
        47",387,"
        1",54.17,"
        T49",61.41,"
        43",83,"
        T43",39.09,"
        T101",28.99,"
        T84",52,"
        T18",70.838,"
        74",3.54,"
        T84",933589,"
        100",1,"
        T113",599,"
        85"
147,Billy Hurley III,-0.175,"
        148",0.304,"
        59",-0.121,"
        154",0.32,"
        39",0.329,"
        84",276.7,"
        186",64.56,"
        37",62.33,"
        175",68.09,"
        136",396,"
        T5",46.75,"
        134",60.77,"
        51",74,"
        T3",41.78,"
        19",28.5,"
        T21",50,"
        T51",70.846,"
        76",3.22,"
        165",1486145,"
        62",1,"
        T113",676,"
        70"
148,Brendon de Jonge,-0.183,"
        149",-0.058,"
        T134",-0.135,"
        157",0.087,"
        83",-0.289,"
        148",286.9,"
        T126",59.29,"
        T110",66.09,"
        73",69.49,"
        102",440,"
        138",53.6,"
        56",56.17,"
        146",104,"
        200",37.16,"
        T161",29.32,"
        138",46,"
        T165",71.609,"
        158",3.31,"
        T146",415583,"
        160",,,304,"
        150"
149,Stuart Appleby,-0.195,"
        150",-0.122,"
        142",0.239,"
        37",0.244,"
        50",0.166,"
        101",282.1,"
        161",60.91,"
        82",61.02,"
        189",66.94,"
        162",433,"
        T102",57.28,"
        23",63.35,"
        13",79,"
        T15",43.83,"
        7",28.11,"
        T8",48,"
        T100",71.003,"
        99",3.33,"
        T139",482454,"
        150",,,332,"
        142"
150,Hiroshi Iwata,-0.203,"
        151",-0.693,"
        189",-0.018,"
        109",0.254,"
        47",-0.661,"
        174",287.6,"
        T117",57.5,"
        136",58.73,"
        196",63.06,"
        196",463,"
        T187",54.84,"
        40",58.92,"
        87",85,"
        T68",42.57,"
        13",28.25,"
        T12",50,"
        T51",71.755,"
        167",3.18,"
        T169",624158,"
        134",1,"
        T113",327,"
        143"
151,Sam Saunders,-0.206,"
        152",-0.128,"
        145",0.026,"
        97",0.147,"
        69",-0.16,"
        137",290.4,"
        T91",59.04,"
        115",63.8,"
        133",67.03,"
        161",437,"
        T123",48.72,"
        115",57.29,"
        127",87,"
        T91",39.81,"
        73",29.05,"
        T95",50,"
        T51",71.454,"
        142",3.35,"
        T135",498767,"
        148",2,"
        T69",322,"
        145"
152,Zach Johnson,-0.21,"
        153",0.335,"
        52",0.304,"
        27",0.326,"
        38",0.755,"
        33",280.5,"
        169",63.82,"
        50",64.92,"
        T101",71.05,"
        59",413,"
        T32",52.63,"
        65",61.76,"
        34",78,"
        T10",40.87,"
        42",28.59,"
        33",53,"
        T8",70.181,"
        19",3.67,"
        T55",1624304,"
        50",5,"
        T17",799,"
        51"
153,Martin Laird,-0.226,"
        154",0.261,"
        68",0.126,"
        60",0.175,"
        T65",0.336,"
        82",298.7,"
        30",55.47,"
        168",67.32,"
        T47",71.85,"
        48",432,"
        T99",53.06,"
        58",59.5,"
        74",91,"
        T138",38.73,"
        113",29.24,"
        T124",49,"
        T78",70.915,"
        89",3.69,"
        T50",1098170,"
        85",3,"
        T45",599,"
        84"
154,Martin Piller,-0.231,"
        155",-0.488,"
        184",-0.234,"
        174",0.61,"
        9",-0.343,"
        154",286.9,"
        T126",59.38,"
        108",63.73,"
        139",69.05,"
        112",421,"
        T56",57.14,"
        T25",58.96,"
        86",89,"
        T115",39.31,"
        96",28.7,"
        T45",52,"
        T18",71.837,"
        171",3.17,"
        T173",570740,"
        137",2,"
        T69",278,"
        157"
155,Andres Gonzales,-0.244,"
        156",-0.058,"
        T134",-0.118,"
        152",-0.109,"
        135",-0.529,"
        171",294.2,"
        60",54.15,"
        177",65.56,"
        90",69.94,"
        88",435,"
        T112",49.04,"
        108",55.53,"
        160",95,"
        T171",37.54,"
        151",29.53,"
        T163",48,"
        T100",71.817,"
        170",3.46,"
        T110",554611,"
        142",1,"
        T113",279,"
        156"
156,Dicky Pride,-0.253,"
        157",-1.06,"
        195",0.132,"
        56",-0.004,"
        100",-1.184,"
        191",276,"
        190",64.71,"
        T35",58.89,"
        T194",63.3,"
        193",419,"
        T47",60,"
        10",59.76,"
        71",84,"
        T51",41.6,"
        25",28.69,"
        44",50,"
        T51",72.5,"
        190",3.04,"
        T187",62449,"
        213",,,32,"
        222"
157,Kevin Na,-0.268,"
        158",0.732,"
        9",0.173,"
        47",0.184,"
        T62",0.82,"
        26",278.5,"
        184",64.4,"
        T41",65.19,"
        99",70.04,"
        84",418,"
        T43",47.76,"
        123",59.79,"
        69",80,"
        T21",40.89,"
        40",28.57,"
        T30",51,"
        T32",70.203,"
        20",3.76,"
        T36",2945366,"
        20",6,"
        T8",1389,"
        12"
158,Alex Cejka,-0.292,"
        T159",0.626,"
        13",0.297,"
        29",0.011,"
        T98",0.642,"
        45",281.5,"
        162",65.89,"
        27",67.99,"
        35",72.44,"
        33",414,"
        T35",54.32,"
        45",65.03,"
        4",86,"
        T80",40.46,"
        54",28.55,"
        28",48,"
        T100",70.675,"
        55",3.87,"
        T20",1566308,"
        55",4,"
        T33",754,"
        56"
159,Padraig Harrington,-0.292,"
        T159",0.159,"
        T85",0.408,"
        12",-0.342,"
        175",-0.067,"
        127",289.6,"
        T97",60.66,"
        90",62.96,"
        162",66.92,"
        T164",456,"
        T178",57.83,"
        17",60,"
        61",71,"
        2",39.71,"
        79",28.7,"
        T45",46,"
        T165",71.032,"
        103",3.5,"
        T97",654929,"
        125",1,"
        T113",393,"
        131"
160,Tom Hoge,-0.307,"
        161",0.312,"
        58",-0.12,"
        153",0.058,"
        T91",-0.057,"
        125",288.9,"
        103",55.64,"
        166",62.48,"
        T171",66.48,"
        173",407,"
        T21",51.96,"
        74",59.43,"
        T78",85,"
        T68",40.11,"
        65",28.71,"
        T47",52,"
        T18",71.263,"
        128",3.36,"
        T131",561559,"
        140",2,"
        T69",349,"
        139"
161,Jonas Blixt,-0.308,"
        162",-0.317,"
        171",0.085,"
        T78",0.442,"
        23",-0.097,"
        131",289.5,"
        99",58.18,"
        128",61.36,"
        186",65.35,"
        182",466,"
        T190",61.19,"
        3",61.1,"
        49",97,"
        T180",43.71,"
        8",27.97,"
        6",51,"
        T32",71.256,"
        T126",3.76,"
        T36",1071421,"
        87",2,"
        T69",538,"
        99"
162,Aaron Baddeley,-0.309,"
        163",-0.246,"
        163",0.484,"
        3",0.666,"
        7",0.595,"
        59",291.9,"
        77",55.66,"
        164",63.78,"
        134",67.19,"
        156",449,"
        T161",60.15,"
        9",64.27,"
        6",80,"
        T21",44.16,"
        4",27.91,"
        4",50,"
        T51",70.561,"
        T47",3.8,"
        T26",1609215,"
        51",5,"
        T17",874,"
        43"
163,Harris English,-0.32,"
        164",0.215,"
        77",0.162,"
        49",0.69,"
        6",0.747,"
        34",297.8,"
        34",55.65,"
        165",64.47,"
        T115",68.85,"
        117",434,"
        T106",46.83,"
        133",59.27,"
        T81",83,"
        T43",40.05,"
        67",28.79,"
        T57",53,"
        T8",70.351,"
        37",3.48,"
        T103",1926938,"
        40",3,"
        T45",1010,"
        33"
164,Tim Herron,-0.323,"
        165",-0.893,"
        194",0.022,"
        99",-0.088,"
        129",-1.282,"
        193",279.9,"
        174",62.37,"
        67",62.22,"
        T178",63.1,"
        195",445,"
        T150",55.36,"
        35",59.66,"
        72",82,"
        T37",41.27,"
        32",28.63,"
        36",48,"
        T100",72.101,"
        181",3.14,"
        T176",286918,"
        171",1,"
        T113",177,"
        178"
165,Freddie Jacobson,-0.324,"
        166",-0.063,"
        136",0.025,"
        98",0.551,"
        16",0.189,"
        97",279.6,"
        T176",58.68,"
        122",64.81,"
        T106",68.43,"
        125",434,"
        T106",56.49,"
        28",61.54,"
        40",87,"
        T91",42.09,"
        T17",28.38,"
        16",52,"
        T18",70.73,"
        61",3.76,"
        T36",1326444,"
        74",3,"
        T45",680,"
        69"
166,Jamie Donaldson,-0.33,"
        167",0.036,"
        117",-0.077,"
        133",0.784,"
        3",0.413,"
        72",286.4,"
        136",50.87,"
        195",61.92,"
        182",67.38,"
        T148",454,"
        T174",58.23,"
        15",58.36,"
        T96",88,"
        T106",40.79,"
        43",29.05,"
        T95",55,"
        T2",70.713,"
        60",3.02,"
        T190",520052,"
        145",,,322,"
        144"
167,Troy Merritt,-0.349,"
        168",-0.076,"
        137",-0.149,"
        163",0.329,"
        37",-0.244,"
        146",286.9,"
        T126",59.85,"
        98",63.02,"
        159",66.87,"
        167",444,"
        T147",54.24,"
        T47",58.07,"
        112",86,"
        T80",41.54,"
        26",28.45,"
        18",49,"
        T78",71.682,"
        165",3.55,"
        T80",901251,"
        103",1,"
        T113",468,"
        114"
168,Retief Goosen,-0.352,"
        169",0.087,"
        107",0.482,"
        4",0.519,"
        17",0.736,"
        36",287.9,"
        T113",55.63,"
        167",62.31,"
        176",66.29,"
        174",461,"
        T184",53.93,"
        52",60.69,"
        53",80,"
        T21",41.5,"
        T27",28.35,"
        15",49,"
        T78",70.529,"
        42",3.37,"
        T128",745735,"
        116",,,380,"
        135"
169,Erik Compton,-0.364,"
        T170",-0.334,"
        172",0.074,"
        82",-0.055,"
        116",-0.679,"
        177",283.6,"
        156",53.99,"
        178",58.47,"
        197",63.54,"
        192",435,"
        T112",51.75,"
        T77",56.8,"
        136",85,"
        T68",40.26,"
        61",28.3,"
        14",47,"
        T133",71.908,"
        175",3.2,"
        167",247903,"
        181",,,236,"
        164"
170,Jim Furyk,-0.364,"
        T170",0.326,"
        56",0.32,"
        26",0.189,"
        60",0.471,"
        T68",279,"
        182",66.07,"
        25",65.69,"
        T82",71.35,"
        56",397,"
        T7",50,"
        T99",56.28,"
        143",83,"
        T43",36.81,"
        T171",29.33,"
        T139",48,"
        T100",70.175,"
        18",3.1,"
        T181",1355269,"
        69",2,"
        T69",523,"
        102"
171,Patton Kizzire,-0.371,"
        172",0.443,"
        33",-0.036,"
        117",0.569,"
        15",0.604,"
        55",289.7,"
        96",55.31,"
        170",64.88,"
        104",70.79,"
        62",433,"
        T102",46.67,"
        137",56.25,"
        T144",89,"
        T115",39.92,"
        70",28.8,"
        59",53,"
        T8",70.82,"
        70",3.67,"
        T55",1455660,"
        66",5,"
        T17",744,"
        57"
172,David Toms,-0.387,"
        173",0.431,"
        35",0.322,"
        T24",0.265,"
        45",0.631,"
        47",269.5,"
        199",67.98,"
        14",65.93,"
        T77",70.51,"
        72",406,"
        T18",60.49,"
        8",63.04,"
        16",81,"
        T28",38.8,"
        111",29.05,"
        T95",48,"
        T100",70.662,"
        53",3.32,"
        T142",774522,"
        113",1,"
        T113",455,"
        118"
173,Carlos Ortiz,-0.408,"
        174",0.149,"
        93",-0.305,"
        183",-0.185,"
        T143",-0.749,"
        181",297.6,"
        35",51.66,"
        192",64.25,"
        120",67.18,"
        157",459,"
        T180",36.54,"
        198",48.87,"
        199",103,"
        T198",37.36,"
        156",29.45,"
        T152",47,"
        T133",72.02,"
        179",3.51,"
        T91",243306,"
        182",,,210,"
        172"
174,D.A. Points,-0.426,"
        175",0.561,"
        17",-0.147,"
        161",-0.602,"
        196",-0.614,"
        172",282.5,"
        160",58.19,"
        127",63.58,"
        145",66.67,"
        T169",411,"
        T25",43.59,"
        168",57.97,"
        116",85,"
        T68",38.64,"
        115",29.04,"
        94",47,"
        T133",71.929,"
        176",3.42,"
        T118",212850,"
        189",,,113,"
        194"
175,Soren Kjeldsen,-0.428,"
        176",0.278,"
        63",0.09,"
        T73",0.272,"
        44",0.213,"
        92",275.2,"
        T194",68.57,"
        9",63.33,"
        151",67.95,"
        139",428,"
        T78",45.31,"
        154",60.23,"
        57",85,"
        T68",38.47,"
        T120",29.08,"
        102",50,"
        T51",,,3.1,"
        T181",,,2,"
        T69",,
176,George McNeill,-0.444,"
        177",0.263,"
        67",-0.144,"
        158",-0.464,"
        189",-0.789,"
        184",284.5,"
        152",60.56,"
        91",63.72,"
        140",66.54,"
        172",436,"
        T118",51.09,"
        T86",53.75,"
        176",90,"
        T124",39.46,"
        T88",29.35,"
        T143",50,"
        T51",71.848,"
        172",3.27,"
        T152",213895,"
        188",,,134,"
        187"
177,Cameron Tringale,-0.445,"
        178",0.322,"
        57",0.118,"
        63",0.126,"
        75",0.12,"
        T108",284.6,"
        151",59.51,"
        104",65.68,"
        84",68.27,"
        132",443,"
        T143",49.24,"
        105",58.09,"
        110",93,"
        T160",40.49,"
        52",28.99,"
        T84",50,"
        T51",71.166,"
        T120",3.68,"
        T53",1064066,"
        88",1,"
        T113",539,"
        98"
178,Cameron Smith,-0.446,"
        179",-0.418,"
        178",-0.061,"
        T127",-0.069,"
        120",-0.994,"
        189",285.3,"
        145",58.15,"
        T130",61.55,"
        184",65.56,"
        T179",434,"
        T106",54.17,"
        T49",54.82,"
        166",93,"
        T160",40.3,"
        T59",29.16,"
        T114",47,"
        T133",71.937,"
        178",3.25,"
        T160",431763,"
        156",,,257,"
        161"
179,K.J. Choi,-0.458,"
        180",0.283,"
        T61",0.196,"
        45",0.438,"
        24",0.458,"
        71",275.9,"
        191",66.29,"
        24",65.86,"
        80",70.07,"
        81",412,"
        T29",59.23,"
        12",62.74,"
        20",88,"
        T106",40.5,"
        51",28.74,"
        T49",50,"
        T51",70.856,"
        79",3.51,"
        T91",1328448,"
        73",2,"
        T69",705,"
        64"
180,D.H. Lee,-0.478,"
        181",-1.362,"
        199",0.008,"
        104",0.02,"
        96",-1.812,"
        197",279.6,"
        T176",59.89,"
        T96",59.04,"
        193",63.75,"
        191",433,"
        T102",43.33,"
        173",51.33,"
        193",86,"
        T80",39.76,"
        77",28.86,"
        T65",49,"
        T78",73.556,"
        196",3.04,"
        T187",165131,"
        194",,,103,"
        198"
181,Tim Wilkinson,-0.481,"
        182",0.403,"
        41",0.253,"
        T32",0.34,"
        34",0.514,"
        64",277.2,"
        185",61.94,"
        70",64.07,"
        125",69.19,"
        109",400,"
        T12",54.67,"
        43",63.59,"
        T11",84,"
        T51",41.76,"
        21",28.52,"
        T24",50,"
        T51",70.828,"
        72",3.55,"
        T80",662957,"
        123",1,"
        T113",382,"
        133"
182,Derek Fathauer,-0.488,"
        183",-0.229,"
        160",0.009,"
        103",0.366,"
        31",-0.342,"
        153",287.6,"
        T117",51.73,"
        189",62.22,"
        T178",65.32,"
        185",438,"
        T133",44.44,"
        T157",58.48,"
        95",91,"
        T138",42.09,"
        T17",28.51,"
        23",51,"
        T32",71.019,"
        101",3.6,"
        T70",853210,"
        109",1,"
        T113",491,"
        109"
183,Tyrone Van Aswegen,-0.504,"
        184",0.498,"
        29",-0.028,"
        113",0.051,"
        93",0.018,"
        T118",287.6,"
        T117",52.09,"
        187",64.54,"
        113",67.72,"
        144",419,"
        T47",59.38,"
        11",61.33,"
        45",81,"
        T28",39.95,"
        69",29.02,"
        T89",47,"
        T133",71.14,"
        117",3.29,"
        148",995882,"
        94",2,"
        T69",550,"
        93"
184,Steve Stricker,-0.524,"
        185",-0.018,"
        128",0.571,"
        1",0.828,"
        2",0.858,"
        25",275.5,"
        T192",62.57,"
        65",62.47,"
        173",68.18,"
        134",429,"
        T82",55.71,"
        T32",67.87,"
        1",78,"
        T10",44.72,"
        T2",27.78,"
        1",52,"
        T18",69.804,"
        12",3.51,"
        T91",1323671,"
        75",3,"
        T45",565,"
        90"
185,Ricky Barnes,-0.553,"
        186",0.273,"
        64",0.156,"
        51",0.337,"
        35",0.212,"
        T93",287.7,"
        T115",53.14,"
        182",66.53,"
        62",68.38,"
        T127",423,"
        T64",50.81,"
        90",59.22,"
        T83",85,"
        T68",40.47,"
        53",28.67,"
        41",48,"
        T100",70.865,"
        83",3.78,"
        T32",944518,"
        99",3,"
        T45",618,"
        81"
186,Luke Donald,-0.558,"
        187",0.38,"
        T43",0.45,"
        7",0.095,"
        80",0.367,"
        77",281,"
        166",56.02,"
        159",64.1,"
        124",69.38,"
        107",429,"
        T82",54.24,"
        T47",63.81,"
        8",74,"
        T3",38.03,"
        133",29.03,"
        93",45,"
        T179",70.999,"
        98",3.12,"
        T178",955996,"
        97",1,"
        T113",549,"
        95"
187,Mark Wilson,-0.59,"
        188",-0.057,"
        133",0.206,"
        43",-0.082,"
        127",-0.522,"
        170",272.6,"
        196",64.89,"
        33",63.68,"
        144",67.38,"
        T148",436,"
        T118",55.71,"
        T32",60.62,"
        54",84,"
        T51",37.96,"
        137",29.3,"
        T133",48,"
        T100",71.464,"
        T144",2.93,"
        195",285866,"
        172",,,218,"
        171"
188,Robert Allenby,-0.609,"
        189",-0.571,"
        187",-0.389,"
        191",-0.511,"
        190",-2.08,"
        199",280.9,"
        167",55.34,"
        169",63,"
        161",64.71,"
        187",443,"
        T143",57.97,"
        16",50.8,"
        195",97,"
        T180",34.52,"
        193",30.38,"
        198",49,"
        T78",73.276,"
        195",2.62,"
        200",25271,"
        231",,,9,"
        237"
189,Peter Malnati,-0.616,"
        190",-0.518,"
        185",-0.051,"
        121",0.392,"
        30",-0.793,"
        185",279.6,"
        T176",59.53,"
        103",61.11,"
        188",64.52,"
        189",447,"
        T155",51.54,"
        80",59.49,"
        T75",83,"
        T43",43.07,"
        11",28.25,"
        T12",51,"
        T32",71.867,"
        174",3.32,"
        T142",1230590,"
        80",3,"
        T45",528,"
        101"
190,Chad Collins,-0.623,"
        191",-0.149,"
        149",0.434,"
        10",-0.094,"
        130",-0.433,"
        165",278.9,"
        183",57.53,"
        T134",62.48,"
        T171",66.02,"
        177",444,"
        T147",51.67,"
        79",60.73,"
        52",82,"
        T37",39.05,"
        104",28.83,"
        T61",48,"
        T100",71.548,"
        155",3.07,"
        185",734548,"
        118",1,"
        T113",402,"
        127"
191,Jon Curran,-0.67,"
        192",0.139,"
        96",0.335,"
        22",0.418,"
        25",0.222,"
        91",270.9,"
        197",64.28,"
        44",63.03,"
        158",67.75,"
        143",415,"
        T38",61.76,"
        2",63.21,"
        14",78,"
        T10",42.78,"
        12",28.2,"
        10",48,"
        T100",70.987,"
        96",3.46,"
        T110",1845412,"
        44",3,"
        T45",840,"
        47"
192,Seung-Yul Noh,-0.691,"
        193",0.157,"
        87",0.376,"
        15",0.251,"
        T48",0.094,"
        110",294.7,"
        T53",48.58,"
        197",64.62,"
        110",68.75,"
        118",443,"
        T143",53.97,"
        51",57.64,"
        122",86,"
        T80",40.57,"
        50",28.84,"
        63",49,"
        T78",71.036,"
        T104",3.58,"
        T74",661711,"
        124",1,"
        T113",454,"
        119"
193,Darron Stiles,-0.695,"
        194",-0.14,"
        147",-0.32,"
        185",-0.099,"
        132",-1.254,"
        192",263.4,"
        200",70.62,"
        4",62.87,"
        166",66.03,"
        176",397,"
        T7",38.71,"
        192",51.57,"
        191",87,"
        T91",38.45,"
        T122",29.42,"
        150",48,"
        T100",72.646,"
        192",3.08,"
        184",60197,"
        215",,,44,"
        216"
194,Rob Oppenheim,-0.723,"
        195",0.397,"
        42",0.091,"
        72",-0.054,"
        115",-0.29,"
        149",281.1,"
        165",53.83,"
        180",63.06,"
        157",67.68,"
        145",424,"
        T68",43.93,"
        163",58.05,"
        113",85,"
        T68",39.77,"
        76",29.09,"
        103",50,"
        T51",71.458,"
        143",3.11,"
        180",452875,"
        153",1,"
        T113",299,"
        151"
195,Luke Guthrie,-0.805,"
        196",-0.111,"
        139",0.045,"
        88",0.502,"
        18",-0.369,"
        159",288.2,"
        T108",54.74,"
        174",62.81,"
        168",67.24,"
        155",435,"
        T112",52.05,"
        T72",61.89,"
        30",82,"
        T37",44.1,"
        5",28.22,"
        11",53,"
        T8",71.435,"
        140",3.65,"
        T60",416130,"
        159",1,"
        T113",232,"
        166"
196,Camilo Villegas,-0.813,"
        197",0.102,"
        T100",0.129,"
        59",0.221,"
        54",-0.361,"
        158",286.8,"
        T132",51.72,"
        190",61.41,"
        185",65.34,"
        T183",439,"
        T136",46.32,"
        140",59.88,"
        64",87,"
        T91",40.74,"
        44",28.68,"
        T42",52,"
        T18",71.464,"
        T144",3.33,"
        T139",450056,"
        154",,,313,"
        146"
197,Carl Pettersson,-0.994,"
        198",-0.408,"
        177",-0.363,"
        189",-0.199,"
        149",-1.965,"
        198",283.8,"
        155",47.51,"
        198",56.35,"
        198",62.68,"
        197",437,"
        T123",37.5,"
        195",53.25,"
        182",91,"
        T138",41.04,"
        37",28.76,"
        54",47,"
        T133",73.249,"
        194",2.84,"
        196",66986,"
        211",,,48,"
        213"
198,Brendon Todd,-1.059,"
        199",-1.345,"
        198",0.416,"
        11",0.487,"
        T20",-1.501,"
        195",279.4,"
        181",57.84,"
        132",54.24,"
        200",58.22,"
        200",476,"
        198",60.71,"
        T5",61.93,"
        29",84,"
        T51",44.82,"
        1",27.83,"
        3",52,"
        T18",72.693,"
        193",2.78,"
        199",75772,"
        208",,,60,"
        210"
199,Steven Bowditch,-1.42,"
        200",-1.68,"
        200",-0.055,"
        123",0.145,"
        70",-3.01,"
        200",289.8,"
        T94",43.34,"
        200",54.56,"
        199",58.93,"
        199",494,"
        200",57.45,"
        20",49.45,"
        198",89,"
        T115",41.21,"
        33",28.64,"
        T37",50,"
        T51",74.143,"
        197",3,"
        T192",458891,"
        152",1,"
        T113",192,"
        173"
200,Danny Willett,,,,,,,,,,,,,,,,,,,,,,,,,,,,,,,,,,,,,1938132,"
        39",3,"
        T45",691,"
        68"
201,Greg Chalmers,,,,,,,,,,,,,,,,,,,,,,,,,,,,,,,,,,,,,667437,"
        122",1,"
        T113",332,"
        141"
202,Justin Leonard,,,,,,,,,,,,,,,,,,,,,,,,,,,,,,,,,,,,,288428,"
        170",,,186,"
        176"
203,Brian Gay,,,,,,,,,,,,,,,,,,,,,,,,,,,,,,,,,,,,,280619,"
        176",1,"
        T113",149,"
        185"
204,D.J. Trahan,,,,,,,,,,,,,,,,,,,,,,,,,,,,,,,,,,,,,225751,"
        185",1,"
        T113",124,"
        190"
205,Nick Watney,,,,,,,,,,,,,,,,,,,,,,,,,,,,,,,,,,,,,189880,"
        190",,,99,"
        199"
206,Andres Romero,,,,,,,,,,,,,,,,,,,,,,,,,,,,,,,,,,,,,185470,"
        191",1,"
        T113",117,"
        192"
207,John Merrick,,,,,,,,,,,,,,,,,,,,,,,,,,,,,,,,,,,,,162969,"
        195",,,114,"
        193"
208,Matt Every,,,,,,,,,,,,,,,,,,,,,,,,,,,,,,,,,,,,,158453,"
        196",,,112,"
        195"
209,Richard Lee,,,,,,,,,,,,,,,,,,,,,,,,,,,,,,,,,,,,,137813,"
        199",1,"
        T113",65,"
        206"
210,Tim Clark,,,,,,,,,,,,,,,,,,,,,,,,,,,,,,,,,,,,,110361,"
        202",,,86,"
        203"
211,Shane Bertsch,,,,,,,,,,,,,,,,,,,,,,,,,,,,,,,,,,,,,105493,"
        203",,,91,"
        201"
212,Alex Prugh,,,,,,,,,,,,,,,,,,,,,,,,,,,,,,,,,,,,,96430,"
        204",,,82,"
        204"
213,Bernhard Langer,,,,,,,,,,,,,,,,,,,,,,,,,,,,,,,,,,,,,89000,"
        205",,,45,"
        215"
214,Lucas Lee,,,,,,,,,,,,,,,,,,,,,,,,,,,,,,,,,,,,,87205,"
        206",,,87,"
        202"
215,Marc Turnesa,,,,,,,,,,,,,,,,,,,,,,,,,,,,,,,,,,,,,82384,"
        207",,,62,"
        208"
216,John Rollins,,,,,,,,,,,,,,,,,,,,,,,,,,,,,,,,,,,,,74084,"
        209",,,62,"
        209"
217,Eric Axley,,,,,,,,,,,,,,,,,,,,,,,,,,,,,,,,,,,,,71563,"
        210",,,41,"
        217"
218,Michael Putnam,,,,,,,,,,,,,,,,,,,,,,,,,,,,,,,,,,,,,65600,"
        212",,,30,"
        223"
219,Ryo Ishikawa,,,,,,,,,,,,,,,,,,,,,,,,,,,,,,,,,,,,,62102,"
        214",,,55,"
        211"
220,Michael Bradley,,,,,,,,,,,,,,,,,,,,,,,,,,,,,,,,,,,,,60114,"
        216",,,62,"
        207"
221,Cameron Beckman,,,,,,,,,,,,,,,,,,,,,,,,,,,,,,,,,,,,,59191,"
        217",,,45,"
        214"
222,Jonathan Byrd,,,,,,,,,,,,,,,,,,,,,,,,,,,,,,,,,,,,,58655,"
        218",,,73,"
        205"
223,Tom Gillis,,,,,,,,,,,,,,,,,,,,,,,,,,,,,,,,,,,,,56626,"
        219",,,26,"
        228"
224,Wesley Bryan,,,,,,,,,,,,,,,,,,,,,,,,,,,,,,,,,,,,,53929,"
        220",,,49,"
        212"
225,Darren Clarke,,,,,,,,,,,,,,,,,,,,,,,,,,,,,,,,,,,,,51489,"
        221",,,39,"
        219"
226,Pat Perez,,,,,,,,,,,,,,,,,,,,,,,,,,,,,,,,,,,,,47840,"
        222",,,34,"
        221"
227,Ted Purdy,,,,,,,,,,,,,,,,,,,,,,,,,,,,,,,,,,,,,42027,"
        223",,,38,"
        220"
228,Billy Mayfair,,,,,,,,,,,,,,,,,,,,,,,,,,,,,,,,,,,,,39720,"
        224",,,40,"
        218"
229,Steve Flesch,,,,,,,,,,,,,,,,,,,,,,,,,,,,,,,,,,,,,36062,"
        225",,,19,"
        232"
230,Rocco Mediate,,,,,,,,,,,,,,,,,,,,,,,,,,,,,,,,,,,,,32000,"
        226",,,26,"
        226"
231,Frank Lickliter II,,,,,,,,,,,,,,,,,,,,,,,,,,,,,,,,,,,,,28986,"
        227",,,28,"
        224"
232,Arjun Atwal,,,,,,,,,,,,,,,,,,,,,,,,,,,,,,,,,,,,,28598,"
        228",,,21,"
        231"
233,Brian Davis,,,,,,,,,,,,,,,,,,,,,,,,,,,,,,,,,,,,,27880,"
        229",,,23,"
        230"
234,Troy Matteson,,,,,,,,,,,,,,,,,,,,,,,,,,,,,,,,,,,,,26248,"
        230",,,26,"
        225"
235,Larry Mize,,,,,,,,,,,,,,,,,,,,,,,,,,,,,,,,,,,,,24900,"
        232",,,19,"
        233"
236,Mark O'Meara,,,,,,,,,,,,,,,,,,,,,,,,,,,,,,,,,,,,,20573,"
        233",,,7,"
        239"
237,Charlie Wi,,,,,,,,,,,,,,,,,,,,,,,,,,,,,,,,,,,,,20556,"
        234",,,26,"
        227"
238,Trevor Immelman,,,,,,,,,,,,,,,,,,,,,,,,,,,,,,,,,,,,,20509,"
        235",,,7,"
        238"
239,Marco Dawson,,,,,,,,,,,,,,,,,,,,,,,,,,,,,,,,,,,,,19848,"
        236",,,2,"
        242"
240,Fred Funk,,,,,,,,,,,,,,,,,,,,,,,,,,,,,,,,,,,,,18662,"
        237",,,26,"
        229"
241,Rich Beem,,,,,,,,,,,,,,,,,,,,,,,,,,,,,,,,,,,,,17450,"
        238",,,1,"
        244"
242,Mark Hensby,,,,,,,,,,,,,,,,,,,,,,,,,,,,,,,,,,,,,17344,"
        239",,,2,"
        240"
243,Tim Petrovic,,,,,,,,,,,,,,,,,,,,,,,,,,,,,,,,,,,,,17142,"
        240",,,2,"
        241"
244,Jarrod Lyle,,,,,,,,,,,,,,,,,,,,,,,,,,,,,,,,,,,,,15884,"
        241",,,10,"
        235"
245,Bo Van Pelt,,,,,,,,,,,,,,,,,,,,,,,,,,,,,,,,,,,,,15392,"
        242",,,18,"
        234"
246,John Peterson,,,,,,,,,,,,,,,,,,,,,,,,,,,,,,,,,,,,,13020,"
        243",,,1,"
        T245"
247,Charlie Beljan,,,,,,,,,,,,,,,,,,,,,,,,,,,,,,,,,,,,,11160,"
        244",,,1,"
        T245"
248,Omar Uresti,,,,,,,,,,,,,,,,,,,,,,,,,,,,,,,,,,,,,7910,"
        245",,,10,"
        236"
249,Tommy Gainey,,,,,,,,,,,,,,,,,,,,,,,,,,,,,,,,,,,,,7872,"
        246",,,1,"
        243"
250,Matt Bettencourt,,,,,,,,,,,,,,,,,,,,,,,,,,,,,,,,,,,,,6195,"
        247",,,1,"
        247"
251,Jon Rahm,,,,,,,,,,,,,,,,,,,,,,,,,,,,,,,,,,,,,,,3,"
        T45",,
252,Rafa Cabrera Bello,,,,,,,,,,,,,,,,,,,,,,,,,,,,,,,,,,,,,,,2,"
        T69",,
253,Matthew Fitzpatrick,,,,,,,,,,,,,,,,,,,,,,,,,,,,,,,,,,,,,,,2,"
        T69",,
254,Tyrrell Hatton,,,,,,,,,,,,,,,,,,,,,,,,,,,,,,,,,,,,,,,2,"
        T69",,
255,Kiradech Aphibarnrat,,,,,,,,,,,,,,,,,,,,,,,,,,,,,,,,,,,,,,,1,"
        T113",,
256,Rafael Campos,,,,,,,,,,,,,,,,,,,,,,,,,,,,,,,,,,,,,,,1,"
        T113",,
257,Rodolfo Cazaubon,,,,,,,,,,,,,,,,,,,,,,,,,,,,,,,,,,,,,,,1,"
        T113",,
258,Bryson DeChambeau,,,,,,,,,,,,,,,,,,,,,,,,,,,,,,,,,,,,,,,1,"
        T113",,
259,Jared du Toit,,,,,,,,,,,,,,,,,,,,,,,,,,,,,,,,,,,,,,,1,"
        T113",,
260,Ross Fisher,,,,,,,,,,,,,,,,,,,,,,,,,,,,,,,,,,,,,,,1,"
        T113",,
261,Michael Johnson,,,,,,,,,,,,,,,,,,,,,,,,,,,,,,,,,,,,,,,1,"
        T113",,
262,Andrew Johnston,,,,,,,,,,,,,,,,,,,,,,,,,,,,,,,,,,,,,,,1,"
        T113",,
263,Martin Kaymer,,,,,,,,,,,,,,,,,,,,,,,,,,,,,,,,,,,,,,,1,"
        T113",,
264,Hao Tong Li,,,,,,,,,,,,,,,,,,,,,,,,,,,,,,,,,,,,,,,1,"
        T113",,
265,Lee McCoy,,,,,,,,,,,,,,,,,,,,,,,,,,,,,,,,,,,,,,,1,"
        T113",,
266,Hunter Stewart,,,,,,,,,,,,,,,,,,,,,,,,,,,,,,,,,,,,,,,1,"
        T113",,
267,Lee Westwood,,,,,,,,,,,,,,,,,,,,,,,,,,,,,,,,,,,,,,,1,"
        T113",,
268,Bobby Wyatt,,,,,,,,,,,,,,,,,,,,,,,,,,,,,,,,,,,,,,,1,"
        T113",,
